Booking_ID,Property,City,Region,Business_Model,Booking_Type,Check_In_Date,Year,Month,Quarter,Year_Quarter,Is_Weekend,Nightly_Rate_GHS,Nightly_Rate_USD,Nights_Stayed,Revenue_GHS,Pricing_Phase,Phase_Occupancy_Rate,Pricing_Note
BAR-B0001,Barekese,Kumasi,Ashanti Region,Short Stay / Event Hosting,Nightly Stay,2022-06-13,2022,June,Q2,2022-Q2,False,1500.0,150.0,1.0,1500,Phase 1 – Launch (Overpriced),0.18,Low bookings – price too high
BAR-B0002,Barekese,Kumasi,Ashanti Region,Short Stay / Event Hosting,Nightly Stay,2022-03-12,2022,March,Q1,2022-Q1,True,2000.0,200.0,1.0,2000,Phase 1 – Launch (Overpriced),0.18,Low bookings – price too high
BAR-B0003,Barekese,Kumasi,Ashanti Region,Short Stay / Event Hosting,Nightly Stay,2022-02-05,2022,February,Q1,2022-Q1,True,2000.0,200.0,3.0,2000,Phase 1 – Launch (Overpriced),0.18,Low bookings – price too high
BAR-B0004,Barekese,Kumasi,Ashanti Region,Short Stay / Event Hosting,Nightly Stay,2022-06-23,2022,June,Q2,2022-Q2,False,1500.0,150.0,3.0,1500,Phase 1 – Launch (Overpriced),0.18,Low bookings – price too high
BAR-B0005,Barekese,Kumasi,Ashanti Region,Short Stay / Event Hosting,Nightly Stay,2022-05-20,2022,May,Q2,2022-Q2,True,2000.0,200.0,1.0,2000,Phase 1 – Launch (Overpriced),0.18,Low bookings – price too high
BAR-B0006,Barekese,Kumasi,Ashanti Region,Short Stay / Event Hosting,Nightly Stay,2022-04-19,2022,April,Q2,2022-Q2,False,1500.0,150.0,1.0,1500,Phase 1 – Launch (Overpriced),0.18,Low bookings – price too high
BAR-B0007,Barekese,Kumasi,Ashanti Region,Short Stay / Event Hosting,Nightly Stay,2022-01-24,2022,January,Q1,2022-Q1,False,1500.0,150.0,1.0,1500,Phase 1 – Launch (Overpriced),0.18,Low bookings – price too high
BAR-B0008,Barekese,Kumasi,Ashanti Region,Short Stay / Event Hosting,Nightly Stay,2022-05-10,2022,May,Q2,2022-Q2,False,1500.0,150.0,3.0,1500,Phase 1 – Launch (Overpriced),0.18,Low bookings – price too high
BAR-B0009,Barekese,Kumasi,Ashanti Region,Short Stay / Event Hosting,Nightly Stay,2022-05-24,2022,May,Q2,2022-Q2,False,1500.0,150.0,1.0,1500,Phase 1 – Launch (Overpriced),0.18,Low bookings – price too high
BAR-B0010,Barekese,Kumasi,Ashanti Region,Short Stay / Event Hosting,Nightly Stay,2022-06-16,2022,June,Q2,2022-Q2,False,1500.0,150.0,3.0,1500,Phase 1 – Launch (Overpriced),0.18,Low bookings – price too high
BAR-B0011,Barekese,Kumasi,Ashanti Region,Short Stay / Event Hosting,Nightly Stay,2022-04-18,2022,April,Q2,2022-Q2,False,1500.0,150.0,1.0,1500,Phase 1 – Launch (Overpriced),0.18,Low bookings – price too high
BAR-B0012,Barekese,Kumasi,Ashanti Region,Short Stay / Event Hosting,Nightly Stay,2022-05-31,2022,May,Q2,2022-Q2,False,1500.0,150.0,1.0,1500,Phase 1 – Launch (Overpriced),0.18,Low bookings – price too high
BAR-B0013,Barekese,Kumasi,Ashanti Region,Short Stay / Event Hosting,Nightly Stay,2022-01-02,2022,January,Q1,2022-Q1,True,2000.0,200.0,4.0,2000,Phase 1 – Launch (Overpriced),0.18,Low bookings – price too high
BAR-B0014,Barekese,Kumasi,Ashanti Region,Short Stay / Event Hosting,Nightly Stay,2022-02-10,2022,February,Q1,2022-Q1,False,1500.0,150.0,3.0,1500,Phase 1 – Launch (Overpriced),0.18,Low bookings – price too high
BAR-B0015,Barekese,Kumasi,Ashanti Region,Short Stay / Event Hosting,Nightly Stay,2022-03-29,2022,March,Q1,2022-Q1,False,1500.0,150.0,1.0,1500,Phase 1 – Launch (Overpriced),0.18,Low bookings – price too high
BAR-B0016,Barekese,Kumasi,Ashanti Region,Short Stay / Event Hosting,Nightly Stay,2022-02-25,2022,February,Q1,2022-Q1,True,2000.0,200.0,7.0,2000,Phase 1 – Launch (Overpriced),0.18,Low bookings – price too high
BAR-B0017,Barekese,Kumasi,Ashanti Region,Short Stay / Event Hosting,Nightly Stay,2022-03-28,2022,March,Q1,2022-Q1,False,1500.0,150.0,1.0,1500,Phase 1 – Launch (Overpriced),0.18,Low bookings – price too high
BAR-B0018,Barekese,Kumasi,Ashanti Region,Short Stay / Event Hosting,Nightly Stay,2022-04-08,2022,April,Q2,2022-Q2,True,2000.0,200.0,1.0,2000,Phase 1 – Launch (Overpriced),0.18,Low bookings – price too high
BAR-B0019,Barekese,Kumasi,Ashanti Region,Short Stay / Event Hosting,Nightly Stay,2022-03-30,2022,March,Q1,2022-Q1,False,1500.0,150.0,3.0,1500,Phase 1 – Launch (Overpriced),0.18,Low bookings – price too high
BAR-B0020,Barekese,Kumasi,Ashanti Region,Short Stay / Event Hosting,Nightly Stay,2022-01-12,2022,January,Q1,2022-Q1,False,1500.0,150.0,3.0,1500,Phase 1 – Launch (Overpriced),0.18,Low bookings – price too high
BAR-B0021,Barekese,Kumasi,Ashanti Region,Short Stay / Event Hosting,Nightly Stay,2022-05-18,2022,May,Q2,2022-Q2,False,1500.0,150.0,1.0,1500,Phase 1 – Launch (Overpriced),0.18,Low bookings – price too high
BAR-B0022,Barekese,Kumasi,Ashanti Region,Short Stay / Event Hosting,Nightly Stay,2022-04-07,2022,April,Q2,2022-Q2,False,1500.0,150.0,1.0,1500,Phase 1 – Launch (Overpriced),0.18,Low bookings – price too high
BAR-B0023,Barekese,Kumasi,Ashanti Region,Short Stay / Event Hosting,Nightly Stay,2022-03-17,2022,March,Q1,2022-Q1,False,1500.0,150.0,4.0,1500,Phase 1 – Launch (Overpriced),0.18,Low bookings – price too high
BAR-B0024,Barekese,Kumasi,Ashanti Region,Short Stay / Event Hosting,Nightly Stay,2022-06-08,2022,June,Q2,2022-Q2,False,1500.0,150.0,5.0,1500,Phase 1 – Launch (Overpriced),0.18,Low bookings – price too high
BAR-B0025,Barekese,Kumasi,Ashanti Region,Short Stay / Event Hosting,Nightly Stay,2022-04-03,2022,April,Q2,2022-Q2,True,2000.0,200.0,3.0,2000,Phase 1 – Launch (Overpriced),0.18,Low bookings – price too high
BAR-B0026,Barekese,Kumasi,Ashanti Region,Short Stay / Event Hosting,Nightly Stay,2022-01-18,2022,January,Q1,2022-Q1,False,1500.0,150.0,1.0,1500,Phase 1 – Launch (Overpriced),0.18,Low bookings – price too high
BAR-B0027,Barekese,Kumasi,Ashanti Region,Short Stay / Event Hosting,Nightly Stay,2022-02-28,2022,February,Q1,2022-Q1,False,1500.0,150.0,4.0,1500,Phase 1 – Launch (Overpriced),0.18,Low bookings – price too high
BAR-B0028,Barekese,Kumasi,Ashanti Region,Short Stay / Event Hosting,Nightly Stay,2022-01-21,2022,January,Q1,2022-Q1,True,2000.0,200.0,5.0,2000,Phase 1 – Launch (Overpriced),0.18,Low bookings – price too high
BAR-B0029,Barekese,Kumasi,Ashanti Region,Short Stay / Event Hosting,Nightly Stay,2022-01-26,2022,January,Q1,2022-Q1,False,1500.0,150.0,2.0,1500,Phase 1 – Launch (Overpriced),0.18,Low bookings – price too high
BAR-B0030,Barekese,Kumasi,Ashanti Region,Short Stay / Event Hosting,Nightly Stay,2022-04-27,2022,April,Q2,2022-Q2,False,1500.0,150.0,3.0,1500,Phase 1 – Launch (Overpriced),0.18,Low bookings – price too high
BAR-B0031,Barekese,Kumasi,Ashanti Region,Short Stay / Event Hosting,Nightly Stay,2022-04-04,2022,April,Q2,2022-Q2,False,1500.0,150.0,1.0,1500,Phase 1 – Launch (Overpriced),0.18,Low bookings – price too high
BAR-B0032,Barekese,Kumasi,Ashanti Region,Short Stay / Event Hosting,Nightly Stay,2022-04-01,2022,April,Q2,2022-Q2,True,2000.0,200.0,1.0,2000,Phase 1 – Launch (Overpriced),0.18,Low bookings – price too high
BAR-E0033,Barekese,Kumasi,Ashanti Region,Short Stay / Event Hosting,Event Hosting,2022-03-10,2022,March,Q1,2022-Q1,False,,,,5000,Phase 1 – Launch (Overpriced),0.18,Low bookings – price too high
BAR-B0034,Barekese,Kumasi,Ashanti Region,Short Stay / Event Hosting,Nightly Stay,2022-12-27,2022,December,Q4,2022-Q4,False,1200.0,120.0,5.0,1200,Phase 2 – First Adjustment,0.31,Moderate improvement
BAR-B0035,Barekese,Kumasi,Ashanti Region,Short Stay / Event Hosting,Nightly Stay,2022-12-13,2022,December,Q4,2022-Q4,False,1200.0,120.0,1.0,1200,Phase 2 – First Adjustment,0.31,Moderate improvement
BAR-B0036,Barekese,Kumasi,Ashanti Region,Short Stay / Event Hosting,Nightly Stay,2022-12-10,2022,December,Q4,2022-Q4,True,1600.0,160.0,1.0,1600,Phase 2 – First Adjustment,0.31,Moderate improvement
BAR-B0037,Barekese,Kumasi,Ashanti Region,Short Stay / Event Hosting,Nightly Stay,2022-09-01,2022,September,Q3,2022-Q3,False,1200.0,120.0,1.0,1200,Phase 2 – First Adjustment,0.31,Moderate improvement
BAR-B0038,Barekese,Kumasi,Ashanti Region,Short Stay / Event Hosting,Nightly Stay,2022-10-06,2022,October,Q4,2022-Q4,False,1200.0,120.0,1.0,1200,Phase 2 – First Adjustment,0.31,Moderate improvement
BAR-B0039,Barekese,Kumasi,Ashanti Region,Short Stay / Event Hosting,Nightly Stay,2022-12-11,2022,December,Q4,2022-Q4,True,1600.0,160.0,3.0,1600,Phase 2 – First Adjustment,0.31,Moderate improvement
BAR-B0040,Barekese,Kumasi,Ashanti Region,Short Stay / Event Hosting,Nightly Stay,2022-08-26,2022,August,Q3,2022-Q3,True,1600.0,160.0,3.0,1600,Phase 2 – First Adjustment,0.31,Moderate improvement
BAR-B0041,Barekese,Kumasi,Ashanti Region,Short Stay / Event Hosting,Nightly Stay,2022-07-15,2022,July,Q3,2022-Q3,True,1600.0,160.0,1.0,1600,Phase 2 – First Adjustment,0.31,Moderate improvement
BAR-B0042,Barekese,Kumasi,Ashanti Region,Short Stay / Event Hosting,Nightly Stay,2022-07-09,2022,July,Q3,2022-Q3,True,1600.0,160.0,4.0,1600,Phase 2 – First Adjustment,0.31,Moderate improvement
BAR-B0043,Barekese,Kumasi,Ashanti Region,Short Stay / Event Hosting,Nightly Stay,2022-10-11,2022,October,Q4,2022-Q4,False,1200.0,120.0,1.0,1200,Phase 2 – First Adjustment,0.31,Moderate improvement
BAR-B0044,Barekese,Kumasi,Ashanti Region,Short Stay / Event Hosting,Nightly Stay,2022-08-24,2022,August,Q3,2022-Q3,False,1200.0,120.0,5.0,1200,Phase 2 – First Adjustment,0.31,Moderate improvement
BAR-B0045,Barekese,Kumasi,Ashanti Region,Short Stay / Event Hosting,Nightly Stay,2022-11-23,2022,November,Q4,2022-Q4,False,1200.0,120.0,5.0,1200,Phase 2 – First Adjustment,0.31,Moderate improvement
BAR-B0046,Barekese,Kumasi,Ashanti Region,Short Stay / Event Hosting,Nightly Stay,2022-09-19,2022,September,Q3,2022-Q3,False,1200.0,120.0,1.0,1200,Phase 2 – First Adjustment,0.31,Moderate improvement
BAR-B0047,Barekese,Kumasi,Ashanti Region,Short Stay / Event Hosting,Nightly Stay,2022-11-05,2022,November,Q4,2022-Q4,True,1600.0,160.0,2.0,1600,Phase 2 – First Adjustment,0.31,Moderate improvement
BAR-B0048,Barekese,Kumasi,Ashanti Region,Short Stay / Event Hosting,Nightly Stay,2022-12-12,2022,December,Q4,2022-Q4,False,1200.0,120.0,2.0,1200,Phase 2 – First Adjustment,0.31,Moderate improvement
BAR-B0049,Barekese,Kumasi,Ashanti Region,Short Stay / Event Hosting,Nightly Stay,2022-09-06,2022,September,Q3,2022-Q3,False,1200.0,120.0,1.0,1200,Phase 2 – First Adjustment,0.31,Moderate improvement
BAR-B0050,Barekese,Kumasi,Ashanti Region,Short Stay / Event Hosting,Nightly Stay,2022-11-21,2022,November,Q4,2022-Q4,False,1200.0,120.0,2.0,1200,Phase 2 – First Adjustment,0.31,Moderate improvement
BAR-B0051,Barekese,Kumasi,Ashanti Region,Short Stay / Event Hosting,Nightly Stay,2022-11-27,2022,November,Q4,2022-Q4,True,1600.0,160.0,2.0,1600,Phase 2 – First Adjustment,0.31,Moderate improvement
BAR-B0052,Barekese,Kumasi,Ashanti Region,Short Stay / Event Hosting,Nightly Stay,2022-10-01,2022,October,Q4,2022-Q4,True,1600.0,160.0,1.0,1600,Phase 2 – First Adjustment,0.31,Moderate improvement
BAR-B0053,Barekese,Kumasi,Ashanti Region,Short Stay / Event Hosting,Nightly Stay,2022-08-05,2022,August,Q3,2022-Q3,True,1600.0,160.0,2.0,1600,Phase 2 – First Adjustment,0.31,Moderate improvement
BAR-B0054,Barekese,Kumasi,Ashanti Region,Short Stay / Event Hosting,Nightly Stay,2022-07-24,2022,July,Q3,2022-Q3,True,1600.0,160.0,4.0,1600,Phase 2 – First Adjustment,0.31,Moderate improvement
BAR-B0055,Barekese,Kumasi,Ashanti Region,Short Stay / Event Hosting,Nightly Stay,2022-07-29,2022,July,Q3,2022-Q3,True,1600.0,160.0,1.0,1600,Phase 2 – First Adjustment,0.31,Moderate improvement
BAR-B0056,Barekese,Kumasi,Ashanti Region,Short Stay / Event Hosting,Nightly Stay,2022-08-10,2022,August,Q3,2022-Q3,False,1200.0,120.0,4.0,1200,Phase 2 – First Adjustment,0.31,Moderate improvement
BAR-B0057,Barekese,Kumasi,Ashanti Region,Short Stay / Event Hosting,Nightly Stay,2022-10-17,2022,October,Q4,2022-Q4,False,1200.0,120.0,3.0,1200,Phase 2 – First Adjustment,0.31,Moderate improvement
BAR-B0058,Barekese,Kumasi,Ashanti Region,Short Stay / Event Hosting,Nightly Stay,2022-10-07,2022,October,Q4,2022-Q4,True,1600.0,160.0,2.0,1600,Phase 2 – First Adjustment,0.31,Moderate improvement
BAR-B0059,Barekese,Kumasi,Ashanti Region,Short Stay / Event Hosting,Nightly Stay,2022-10-28,2022,October,Q4,2022-Q4,True,1600.0,160.0,2.0,1600,Phase 2 – First Adjustment,0.31,Moderate improvement
BAR-B0060,Barekese,Kumasi,Ashanti Region,Short Stay / Event Hosting,Nightly Stay,2022-11-19,2022,November,Q4,2022-Q4,True,1600.0,160.0,5.0,1600,Phase 2 – First Adjustment,0.31,Moderate improvement
BAR-B0061,Barekese,Kumasi,Ashanti Region,Short Stay / Event Hosting,Nightly Stay,2022-07-03,2022,July,Q3,2022-Q3,True,1600.0,160.0,3.0,1600,Phase 2 – First Adjustment,0.31,Moderate improvement
BAR-B0062,Barekese,Kumasi,Ashanti Region,Short Stay / Event Hosting,Nightly Stay,2022-07-30,2022,July,Q3,2022-Q3,True,1600.0,160.0,3.0,1600,Phase 2 – First Adjustment,0.31,Moderate improvement
BAR-B0063,Barekese,Kumasi,Ashanti Region,Short Stay / Event Hosting,Nightly Stay,2022-11-15,2022,November,Q4,2022-Q4,False,1200.0,120.0,4.0,1200,Phase 2 – First Adjustment,0.31,Moderate improvement
BAR-B0064,Barekese,Kumasi,Ashanti Region,Short Stay / Event Hosting,Nightly Stay,2022-09-26,2022,September,Q3,2022-Q3,False,1200.0,120.0,1.0,1200,Phase 2 – First Adjustment,0.31,Moderate improvement
BAR-B0065,Barekese,Kumasi,Ashanti Region,Short Stay / Event Hosting,Nightly Stay,2022-10-20,2022,October,Q4,2022-Q4,False,1200.0,120.0,1.0,1200,Phase 2 – First Adjustment,0.31,Moderate improvement
BAR-B0066,Barekese,Kumasi,Ashanti Region,Short Stay / Event Hosting,Nightly Stay,2022-07-01,2022,July,Q3,2022-Q3,True,1600.0,160.0,7.0,1600,Phase 2 – First Adjustment,0.31,Moderate improvement
BAR-B0067,Barekese,Kumasi,Ashanti Region,Short Stay / Event Hosting,Nightly Stay,2022-11-06,2022,November,Q4,2022-Q4,True,1600.0,160.0,4.0,1600,Phase 2 – First Adjustment,0.31,Moderate improvement
BAR-B0068,Barekese,Kumasi,Ashanti Region,Short Stay / Event Hosting,Nightly Stay,2022-11-07,2022,November,Q4,2022-Q4,False,1200.0,120.0,5.0,1200,Phase 2 – First Adjustment,0.31,Moderate improvement
BAR-B0069,Barekese,Kumasi,Ashanti Region,Short Stay / Event Hosting,Nightly Stay,2022-12-08,2022,December,Q4,2022-Q4,False,1200.0,120.0,1.0,1200,Phase 2 – First Adjustment,0.31,Moderate improvement
BAR-B0070,Barekese,Kumasi,Ashanti Region,Short Stay / Event Hosting,Nightly Stay,2022-12-03,2022,December,Q4,2022-Q4,True,1600.0,160.0,1.0,1600,Phase 2 – First Adjustment,0.31,Moderate improvement
BAR-B0071,Barekese,Kumasi,Ashanti Region,Short Stay / Event Hosting,Nightly Stay,2022-10-04,2022,October,Q4,2022-Q4,False,1200.0,120.0,4.0,1200,Phase 2 – First Adjustment,0.31,Moderate improvement
BAR-B0072,Barekese,Kumasi,Ashanti Region,Short Stay / Event Hosting,Nightly Stay,2022-11-16,2022,November,Q4,2022-Q4,False,1200.0,120.0,7.0,1200,Phase 2 – First Adjustment,0.31,Moderate improvement
BAR-B0073,Barekese,Kumasi,Ashanti Region,Short Stay / Event Hosting,Nightly Stay,2022-11-13,2022,November,Q4,2022-Q4,True,1600.0,160.0,5.0,1600,Phase 2 – First Adjustment,0.31,Moderate improvement
BAR-B0074,Barekese,Kumasi,Ashanti Region,Short Stay / Event Hosting,Nightly Stay,2022-12-01,2022,December,Q4,2022-Q4,False,1200.0,120.0,2.0,1200,Phase 2 – First Adjustment,0.31,Moderate improvement
BAR-B0075,Barekese,Kumasi,Ashanti Region,Short Stay / Event Hosting,Nightly Stay,2022-07-05,2022,July,Q3,2022-Q3,False,1200.0,120.0,1.0,1200,Phase 2 – First Adjustment,0.31,Moderate improvement
BAR-B0076,Barekese,Kumasi,Ashanti Region,Short Stay / Event Hosting,Nightly Stay,2022-09-17,2022,September,Q3,2022-Q3,True,1600.0,160.0,1.0,1600,Phase 2 – First Adjustment,0.31,Moderate improvement
BAR-B0077,Barekese,Kumasi,Ashanti Region,Short Stay / Event Hosting,Nightly Stay,2022-08-31,2022,August,Q3,2022-Q3,False,1200.0,120.0,5.0,1200,Phase 2 – First Adjustment,0.31,Moderate improvement
BAR-B0078,Barekese,Kumasi,Ashanti Region,Short Stay / Event Hosting,Nightly Stay,2022-07-21,2022,July,Q3,2022-Q3,False,1200.0,120.0,1.0,1200,Phase 2 – First Adjustment,0.31,Moderate improvement
BAR-B0079,Barekese,Kumasi,Ashanti Region,Short Stay / Event Hosting,Nightly Stay,2022-11-02,2022,November,Q4,2022-Q4,False,1200.0,120.0,4.0,1200,Phase 2 – First Adjustment,0.31,Moderate improvement
BAR-B0080,Barekese,Kumasi,Ashanti Region,Short Stay / Event Hosting,Nightly Stay,2022-11-14,2022,November,Q4,2022-Q4,False,1200.0,120.0,4.0,1200,Phase 2 – First Adjustment,0.31,Moderate improvement
BAR-B0081,Barekese,Kumasi,Ashanti Region,Short Stay / Event Hosting,Nightly Stay,2022-08-02,2022,August,Q3,2022-Q3,False,1200.0,120.0,3.0,1200,Phase 2 – First Adjustment,0.31,Moderate improvement
BAR-B0082,Barekese,Kumasi,Ashanti Region,Short Stay / Event Hosting,Nightly Stay,2022-11-18,2022,November,Q4,2022-Q4,True,1600.0,160.0,1.0,1600,Phase 2 – First Adjustment,0.31,Moderate improvement
BAR-B0083,Barekese,Kumasi,Ashanti Region,Short Stay / Event Hosting,Nightly Stay,2022-12-24,2022,December,Q4,2022-Q4,True,1600.0,160.0,1.0,1600,Phase 2 – First Adjustment,0.31,Moderate improvement
BAR-B0084,Barekese,Kumasi,Ashanti Region,Short Stay / Event Hosting,Nightly Stay,2022-09-18,2022,September,Q3,2022-Q3,True,1600.0,160.0,2.0,1600,Phase 2 – First Adjustment,0.31,Moderate improvement
BAR-B0085,Barekese,Kumasi,Ashanti Region,Short Stay / Event Hosting,Nightly Stay,2022-12-19,2022,December,Q4,2022-Q4,False,1200.0,120.0,3.0,1200,Phase 2 – First Adjustment,0.31,Moderate improvement
BAR-B0086,Barekese,Kumasi,Ashanti Region,Short Stay / Event Hosting,Nightly Stay,2022-10-21,2022,October,Q4,2022-Q4,True,1600.0,160.0,5.0,1600,Phase 2 – First Adjustment,0.31,Moderate improvement
BAR-B0087,Barekese,Kumasi,Ashanti Region,Short Stay / Event Hosting,Nightly Stay,2022-10-24,2022,October,Q4,2022-Q4,False,1200.0,120.0,1.0,1200,Phase 2 – First Adjustment,0.31,Moderate improvement
BAR-B0088,Barekese,Kumasi,Ashanti Region,Short Stay / Event Hosting,Nightly Stay,2022-08-27,2022,August,Q3,2022-Q3,True,1600.0,160.0,1.0,1600,Phase 2 – First Adjustment,0.31,Moderate improvement
BAR-B0089,Barekese,Kumasi,Ashanti Region,Short Stay / Event Hosting,Nightly Stay,2022-07-06,2022,July,Q3,2022-Q3,False,1200.0,120.0,3.0,1200,Phase 2 – First Adjustment,0.31,Moderate improvement
BAR-E0090,Barekese,Kumasi,Ashanti Region,Short Stay / Event Hosting,Event Hosting,2022-08-28,2022,August,Q3,2022-Q3,True,,,,4000,Phase 2 – First Adjustment,0.31,Moderate improvement
BAR-B0091,Barekese,Kumasi,Ashanti Region,Short Stay / Event Hosting,Nightly Stay,2023-10-29,2023,October,Q4,2023-Q4,True,1200.0,96.0,1.0,1200,Phase 3 – Optimised Pricing,0.58,Strong occupancy after data-driven reprice
BAR-B0092,Barekese,Kumasi,Ashanti Region,Short Stay / Event Hosting,Nightly Stay,2023-02-06,2023,February,Q1,2023-Q1,False,900.0,72.0,3.0,900,Phase 3 – Optimised Pricing,0.58,Strong occupancy after data-driven reprice
BAR-B0093,Barekese,Kumasi,Ashanti Region,Short Stay / Event Hosting,Nightly Stay,2023-01-31,2023,January,Q1,2023-Q1,False,900.0,72.0,1.0,900,Phase 3 – Optimised Pricing,0.58,Strong occupancy after data-driven reprice
BAR-B0094,Barekese,Kumasi,Ashanti Region,Short Stay / Event Hosting,Nightly Stay,2023-01-17,2023,January,Q1,2023-Q1,False,900.0,72.0,5.0,900,Phase 3 – Optimised Pricing,0.58,Strong occupancy after data-driven reprice
BAR-B0095,Barekese,Kumasi,Ashanti Region,Short Stay / Event Hosting,Nightly Stay,2023-09-21,2023,September,Q3,2023-Q3,False,900.0,72.0,1.0,900,Phase 3 – Optimised Pricing,0.58,Strong occupancy after data-driven reprice
BAR-B0096,Barekese,Kumasi,Ashanti Region,Short Stay / Event Hosting,Nightly Stay,2023-12-09,2023,December,Q4,2023-Q4,True,1200.0,96.0,2.0,1200,Phase 3 – Optimised Pricing,0.58,Strong occupancy after data-driven reprice
BAR-B0097,Barekese,Kumasi,Ashanti Region,Short Stay / Event Hosting,Nightly Stay,2023-10-04,2023,October,Q4,2023-Q4,False,900.0,72.0,1.0,900,Phase 3 – Optimised Pricing,0.58,Strong occupancy after data-driven reprice
BAR-B0098,Barekese,Kumasi,Ashanti Region,Short Stay / Event Hosting,Nightly Stay,2023-10-20,2023,October,Q4,2023-Q4,True,1200.0,96.0,3.0,1200,Phase 3 – Optimised Pricing,0.58,Strong occupancy after data-driven reprice
BAR-B0099,Barekese,Kumasi,Ashanti Region,Short Stay / Event Hosting,Nightly Stay,2023-05-05,2023,May,Q2,2023-Q2,True,1200.0,96.0,4.0,1200,Phase 3 – Optimised Pricing,0.58,Strong occupancy after data-driven reprice
BAR-B0100,Barekese,Kumasi,Ashanti Region,Short Stay / Event Hosting,Nightly Stay,2023-07-28,2023,July,Q3,2023-Q3,True,1200.0,96.0,1.0,1200,Phase 3 – Optimised Pricing,0.58,Strong occupancy after data-driven reprice
BAR-B0101,Barekese,Kumasi,Ashanti Region,Short Stay / Event Hosting,Nightly Stay,2023-02-19,2023,February,Q1,2023-Q1,True,1200.0,96.0,3.0,1200,Phase 3 – Optimised Pricing,0.58,Strong occupancy after data-driven reprice
BAR-B0102,Barekese,Kumasi,Ashanti Region,Short Stay / Event Hosting,Nightly Stay,2023-07-01,2023,July,Q3,2023-Q3,True,1200.0,96.0,2.0,1200,Phase 3 – Optimised Pricing,0.58,Strong occupancy after data-driven reprice
BAR-B0103,Barekese,Kumasi,Ashanti Region,Short Stay / Event Hosting,Nightly Stay,2023-08-28,2023,August,Q3,2023-Q3,False,900.0,72.0,5.0,900,Phase 3 – Optimised Pricing,0.58,Strong occupancy after data-driven reprice
BAR-B0104,Barekese,Kumasi,Ashanti Region,Short Stay / Event Hosting,Nightly Stay,2023-01-28,2023,January,Q1,2023-Q1,True,1200.0,96.0,3.0,1200,Phase 3 – Optimised Pricing,0.58,Strong occupancy after data-driven reprice
BAR-B0105,Barekese,Kumasi,Ashanti Region,Short Stay / Event Hosting,Nightly Stay,2023-11-27,2023,November,Q4,2023-Q4,False,900.0,72.0,1.0,900,Phase 3 – Optimised Pricing,0.58,Strong occupancy after data-driven reprice
BAR-B0106,Barekese,Kumasi,Ashanti Region,Short Stay / Event Hosting,Nightly Stay,2023-07-26,2023,July,Q3,2023-Q3,False,900.0,72.0,3.0,900,Phase 3 – Optimised Pricing,0.58,Strong occupancy after data-driven reprice
BAR-B0107,Barekese,Kumasi,Ashanti Region,Short Stay / Event Hosting,Nightly Stay,2023-02-25,2023,February,Q1,2023-Q1,True,1200.0,96.0,1.0,1200,Phase 3 – Optimised Pricing,0.58,Strong occupancy after data-driven reprice
BAR-B0108,Barekese,Kumasi,Ashanti Region,Short Stay / Event Hosting,Nightly Stay,2023-04-08,2023,April,Q2,2023-Q2,True,1200.0,96.0,2.0,1200,Phase 3 – Optimised Pricing,0.58,Strong occupancy after data-driven reprice
BAR-B0109,Barekese,Kumasi,Ashanti Region,Short Stay / Event Hosting,Nightly Stay,2023-03-13,2023,March,Q1,2023-Q1,False,900.0,72.0,2.0,900,Phase 3 – Optimised Pricing,0.58,Strong occupancy after data-driven reprice
BAR-B0110,Barekese,Kumasi,Ashanti Region,Short Stay / Event Hosting,Nightly Stay,2023-05-23,2023,May,Q2,2023-Q2,False,900.0,72.0,2.0,900,Phase 3 – Optimised Pricing,0.58,Strong occupancy after data-driven reprice
BAR-B0111,Barekese,Kumasi,Ashanti Region,Short Stay / Event Hosting,Nightly Stay,2023-02-08,2023,February,Q1,2023-Q1,False,900.0,72.0,2.0,900,Phase 3 – Optimised Pricing,0.58,Strong occupancy after data-driven reprice
BAR-B0112,Barekese,Kumasi,Ashanti Region,Short Stay / Event Hosting,Nightly Stay,2023-10-09,2023,October,Q4,2023-Q4,False,900.0,72.0,1.0,900,Phase 3 – Optimised Pricing,0.58,Strong occupancy after data-driven reprice
BAR-B0113,Barekese,Kumasi,Ashanti Region,Short Stay / Event Hosting,Nightly Stay,2023-11-30,2023,November,Q4,2023-Q4,False,900.0,72.0,7.0,900,Phase 3 – Optimised Pricing,0.58,Strong occupancy after data-driven reprice
BAR-B0114,Barekese,Kumasi,Ashanti Region,Short Stay / Event Hosting,Nightly Stay,2023-01-08,2023,January,Q1,2023-Q1,True,1200.0,96.0,7.0,1200,Phase 3 – Optimised Pricing,0.58,Strong occupancy after data-driven reprice
BAR-B0115,Barekese,Kumasi,Ashanti Region,Short Stay / Event Hosting,Nightly Stay,2023-05-02,2023,May,Q2,2023-Q2,False,900.0,72.0,1.0,900,Phase 3 – Optimised Pricing,0.58,Strong occupancy after data-driven reprice
BAR-B0116,Barekese,Kumasi,Ashanti Region,Short Stay / Event Hosting,Nightly Stay,2023-09-06,2023,September,Q3,2023-Q3,False,900.0,72.0,2.0,900,Phase 3 – Optimised Pricing,0.58,Strong occupancy after data-driven reprice
BAR-B0117,Barekese,Kumasi,Ashanti Region,Short Stay / Event Hosting,Nightly Stay,2023-07-25,2023,July,Q3,2023-Q3,False,900.0,72.0,5.0,900,Phase 3 – Optimised Pricing,0.58,Strong occupancy after data-driven reprice
BAR-B0118,Barekese,Kumasi,Ashanti Region,Short Stay / Event Hosting,Nightly Stay,2023-03-26,2023,March,Q1,2023-Q1,True,1200.0,96.0,2.0,1200,Phase 3 – Optimised Pricing,0.58,Strong occupancy after data-driven reprice
BAR-B0119,Barekese,Kumasi,Ashanti Region,Short Stay / Event Hosting,Nightly Stay,2023-07-19,2023,July,Q3,2023-Q3,False,900.0,72.0,1.0,900,Phase 3 – Optimised Pricing,0.58,Strong occupancy after data-driven reprice
BAR-B0120,Barekese,Kumasi,Ashanti Region,Short Stay / Event Hosting,Nightly Stay,2023-08-21,2023,August,Q3,2023-Q3,False,900.0,72.0,1.0,900,Phase 3 – Optimised Pricing,0.58,Strong occupancy after data-driven reprice
BAR-B0121,Barekese,Kumasi,Ashanti Region,Short Stay / Event Hosting,Nightly Stay,2023-12-23,2023,December,Q4,2023-Q4,True,1200.0,96.0,7.0,1200,Phase 3 – Optimised Pricing,0.58,Strong occupancy after data-driven reprice
BAR-B0122,Barekese,Kumasi,Ashanti Region,Short Stay / Event Hosting,Nightly Stay,2023-10-12,2023,October,Q4,2023-Q4,False,900.0,72.0,3.0,900,Phase 3 – Optimised Pricing,0.58,Strong occupancy after data-driven reprice
BAR-B0123,Barekese,Kumasi,Ashanti Region,Short Stay / Event Hosting,Nightly Stay,2023-09-07,2023,September,Q3,2023-Q3,False,900.0,72.0,1.0,900,Phase 3 – Optimised Pricing,0.58,Strong occupancy after data-driven reprice
BAR-B0124,Barekese,Kumasi,Ashanti Region,Short Stay / Event Hosting,Nightly Stay,2023-06-01,2023,June,Q2,2023-Q2,False,900.0,72.0,1.0,900,Phase 3 – Optimised Pricing,0.58,Strong occupancy after data-driven reprice
BAR-B0125,Barekese,Kumasi,Ashanti Region,Short Stay / Event Hosting,Nightly Stay,2023-01-30,2023,January,Q1,2023-Q1,False,900.0,72.0,3.0,900,Phase 3 – Optimised Pricing,0.58,Strong occupancy after data-driven reprice
BAR-B0126,Barekese,Kumasi,Ashanti Region,Short Stay / Event Hosting,Nightly Stay,2023-10-05,2023,October,Q4,2023-Q4,False,900.0,72.0,1.0,900,Phase 3 – Optimised Pricing,0.58,Strong occupancy after data-driven reprice
BAR-B0127,Barekese,Kumasi,Ashanti Region,Short Stay / Event Hosting,Nightly Stay,2023-06-10,2023,June,Q2,2023-Q2,True,1200.0,96.0,1.0,1200,Phase 3 – Optimised Pricing,0.58,Strong occupancy after data-driven reprice
BAR-B0128,Barekese,Kumasi,Ashanti Region,Short Stay / Event Hosting,Nightly Stay,2023-10-27,2023,October,Q4,2023-Q4,True,1200.0,96.0,2.0,1200,Phase 3 – Optimised Pricing,0.58,Strong occupancy after data-driven reprice
BAR-B0129,Barekese,Kumasi,Ashanti Region,Short Stay / Event Hosting,Nightly Stay,2023-09-29,2023,September,Q3,2023-Q3,True,1200.0,96.0,1.0,1200,Phase 3 – Optimised Pricing,0.58,Strong occupancy after data-driven reprice
BAR-B0130,Barekese,Kumasi,Ashanti Region,Short Stay / Event Hosting,Nightly Stay,2023-09-18,2023,September,Q3,2023-Q3,False,900.0,72.0,1.0,900,Phase 3 – Optimised Pricing,0.58,Strong occupancy after data-driven reprice
BAR-B0131,Barekese,Kumasi,Ashanti Region,Short Stay / Event Hosting,Nightly Stay,2023-04-06,2023,April,Q2,2023-Q2,False,900.0,72.0,1.0,900,Phase 3 – Optimised Pricing,0.58,Strong occupancy after data-driven reprice
BAR-B0132,Barekese,Kumasi,Ashanti Region,Short Stay / Event Hosting,Nightly Stay,2023-02-04,2023,February,Q1,2023-Q1,True,1200.0,96.0,3.0,1200,Phase 3 – Optimised Pricing,0.58,Strong occupancy after data-driven reprice
BAR-B0133,Barekese,Kumasi,Ashanti Region,Short Stay / Event Hosting,Nightly Stay,2023-05-01,2023,May,Q2,2023-Q2,False,900.0,72.0,2.0,900,Phase 3 – Optimised Pricing,0.58,Strong occupancy after data-driven reprice
BAR-B0134,Barekese,Kumasi,Ashanti Region,Short Stay / Event Hosting,Nightly Stay,2023-10-19,2023,October,Q4,2023-Q4,False,900.0,72.0,1.0,900,Phase 3 – Optimised Pricing,0.58,Strong occupancy after data-driven reprice
BAR-B0135,Barekese,Kumasi,Ashanti Region,Short Stay / Event Hosting,Nightly Stay,2023-11-01,2023,November,Q4,2023-Q4,False,900.0,72.0,1.0,900,Phase 3 – Optimised Pricing,0.58,Strong occupancy after data-driven reprice
BAR-B0136,Barekese,Kumasi,Ashanti Region,Short Stay / Event Hosting,Nightly Stay,2023-02-11,2023,February,Q1,2023-Q1,True,1200.0,96.0,2.0,1200,Phase 3 – Optimised Pricing,0.58,Strong occupancy after data-driven reprice
BAR-B0137,Barekese,Kumasi,Ashanti Region,Short Stay / Event Hosting,Nightly Stay,2023-10-26,2023,October,Q4,2023-Q4,False,900.0,72.0,3.0,900,Phase 3 – Optimised Pricing,0.58,Strong occupancy after data-driven reprice
BAR-B0138,Barekese,Kumasi,Ashanti Region,Short Stay / Event Hosting,Nightly Stay,2023-06-11,2023,June,Q2,2023-Q2,True,1200.0,96.0,5.0,1200,Phase 3 – Optimised Pricing,0.58,Strong occupancy after data-driven reprice
BAR-B0139,Barekese,Kumasi,Ashanti Region,Short Stay / Event Hosting,Nightly Stay,2023-04-15,2023,April,Q2,2023-Q2,True,1200.0,96.0,3.0,1200,Phase 3 – Optimised Pricing,0.58,Strong occupancy after data-driven reprice
BAR-B0140,Barekese,Kumasi,Ashanti Region,Short Stay / Event Hosting,Nightly Stay,2023-05-03,2023,May,Q2,2023-Q2,False,900.0,72.0,1.0,900,Phase 3 – Optimised Pricing,0.58,Strong occupancy after data-driven reprice
BAR-B0141,Barekese,Kumasi,Ashanti Region,Short Stay / Event Hosting,Nightly Stay,2023-03-09,2023,March,Q1,2023-Q1,False,900.0,72.0,3.0,900,Phase 3 – Optimised Pricing,0.58,Strong occupancy after data-driven reprice
BAR-B0142,Barekese,Kumasi,Ashanti Region,Short Stay / Event Hosting,Nightly Stay,2023-06-03,2023,June,Q2,2023-Q2,True,1200.0,96.0,2.0,1200,Phase 3 – Optimised Pricing,0.58,Strong occupancy after data-driven reprice
BAR-B0143,Barekese,Kumasi,Ashanti Region,Short Stay / Event Hosting,Nightly Stay,2023-02-07,2023,February,Q1,2023-Q1,False,900.0,72.0,1.0,900,Phase 3 – Optimised Pricing,0.58,Strong occupancy after data-driven reprice
BAR-B0144,Barekese,Kumasi,Ashanti Region,Short Stay / Event Hosting,Nightly Stay,2023-11-15,2023,November,Q4,2023-Q4,False,900.0,72.0,7.0,900,Phase 3 – Optimised Pricing,0.58,Strong occupancy after data-driven reprice
BAR-B0145,Barekese,Kumasi,Ashanti Region,Short Stay / Event Hosting,Nightly Stay,2023-02-21,2023,February,Q1,2023-Q1,False,900.0,72.0,1.0,900,Phase 3 – Optimised Pricing,0.58,Strong occupancy after data-driven reprice
BAR-B0146,Barekese,Kumasi,Ashanti Region,Short Stay / Event Hosting,Nightly Stay,2023-04-20,2023,April,Q2,2023-Q2,False,900.0,72.0,2.0,900,Phase 3 – Optimised Pricing,0.58,Strong occupancy after data-driven reprice
BAR-B0147,Barekese,Kumasi,Ashanti Region,Short Stay / Event Hosting,Nightly Stay,2023-06-28,2023,June,Q2,2023-Q2,False,900.0,72.0,5.0,900,Phase 3 – Optimised Pricing,0.58,Strong occupancy after data-driven reprice
BAR-B0148,Barekese,Kumasi,Ashanti Region,Short Stay / Event Hosting,Nightly Stay,2023-05-06,2023,May,Q2,2023-Q2,True,1200.0,96.0,2.0,1200,Phase 3 – Optimised Pricing,0.58,Strong occupancy after data-driven reprice
BAR-B0149,Barekese,Kumasi,Ashanti Region,Short Stay / Event Hosting,Nightly Stay,2023-03-22,2023,March,Q1,2023-Q1,False,900.0,72.0,2.0,900,Phase 3 – Optimised Pricing,0.58,Strong occupancy after data-driven reprice
BAR-B0150,Barekese,Kumasi,Ashanti Region,Short Stay / Event Hosting,Nightly Stay,2023-10-06,2023,October,Q4,2023-Q4,True,1200.0,96.0,3.0,1200,Phase 3 – Optimised Pricing,0.58,Strong occupancy after data-driven reprice
BAR-B0151,Barekese,Kumasi,Ashanti Region,Short Stay / Event Hosting,Nightly Stay,2023-11-10,2023,November,Q4,2023-Q4,True,1200.0,96.0,7.0,1200,Phase 3 – Optimised Pricing,0.58,Strong occupancy after data-driven reprice
BAR-B0152,Barekese,Kumasi,Ashanti Region,Short Stay / Event Hosting,Nightly Stay,2023-12-01,2023,December,Q4,2023-Q4,True,1200.0,96.0,2.0,1200,Phase 3 – Optimised Pricing,0.58,Strong occupancy after data-driven reprice
BAR-B0153,Barekese,Kumasi,Ashanti Region,Short Stay / Event Hosting,Nightly Stay,2023-12-08,2023,December,Q4,2023-Q4,True,1200.0,96.0,4.0,1200,Phase 3 – Optimised Pricing,0.58,Strong occupancy after data-driven reprice
BAR-B0154,Barekese,Kumasi,Ashanti Region,Short Stay / Event Hosting,Nightly Stay,2023-12-06,2023,December,Q4,2023-Q4,False,900.0,72.0,1.0,900,Phase 3 – Optimised Pricing,0.58,Strong occupancy after data-driven reprice
BAR-B0155,Barekese,Kumasi,Ashanti Region,Short Stay / Event Hosting,Nightly Stay,2023-03-10,2023,March,Q1,2023-Q1,True,1200.0,96.0,1.0,1200,Phase 3 – Optimised Pricing,0.58,Strong occupancy after data-driven reprice
BAR-B0156,Barekese,Kumasi,Ashanti Region,Short Stay / Event Hosting,Nightly Stay,2023-02-24,2023,February,Q1,2023-Q1,True,1200.0,96.0,3.0,1200,Phase 3 – Optimised Pricing,0.58,Strong occupancy after data-driven reprice
BAR-B0157,Barekese,Kumasi,Ashanti Region,Short Stay / Event Hosting,Nightly Stay,2023-03-21,2023,March,Q1,2023-Q1,False,900.0,72.0,1.0,900,Phase 3 – Optimised Pricing,0.58,Strong occupancy after data-driven reprice
BAR-B0158,Barekese,Kumasi,Ashanti Region,Short Stay / Event Hosting,Nightly Stay,2023-11-06,2023,November,Q4,2023-Q4,False,900.0,72.0,1.0,900,Phase 3 – Optimised Pricing,0.58,Strong occupancy after data-driven reprice
BAR-B0159,Barekese,Kumasi,Ashanti Region,Short Stay / Event Hosting,Nightly Stay,2023-06-25,2023,June,Q2,2023-Q2,True,1200.0,96.0,1.0,1200,Phase 3 – Optimised Pricing,0.58,Strong occupancy after data-driven reprice
BAR-B0160,Barekese,Kumasi,Ashanti Region,Short Stay / Event Hosting,Nightly Stay,2023-11-21,2023,November,Q4,2023-Q4,False,900.0,72.0,5.0,900,Phase 3 – Optimised Pricing,0.58,Strong occupancy after data-driven reprice
BAR-B0161,Barekese,Kumasi,Ashanti Region,Short Stay / Event Hosting,Nightly Stay,2023-09-16,2023,September,Q3,2023-Q3,True,1200.0,96.0,2.0,1200,Phase 3 – Optimised Pricing,0.58,Strong occupancy after data-driven reprice
BAR-B0162,Barekese,Kumasi,Ashanti Region,Short Stay / Event Hosting,Nightly Stay,2023-01-27,2023,January,Q1,2023-Q1,True,1200.0,96.0,1.0,1200,Phase 3 – Optimised Pricing,0.58,Strong occupancy after data-driven reprice
BAR-B0163,Barekese,Kumasi,Ashanti Region,Short Stay / Event Hosting,Nightly Stay,2023-08-05,2023,August,Q3,2023-Q3,True,1200.0,96.0,4.0,1200,Phase 3 – Optimised Pricing,0.58,Strong occupancy after data-driven reprice
BAR-B0164,Barekese,Kumasi,Ashanti Region,Short Stay / Event Hosting,Nightly Stay,2023-01-23,2023,January,Q1,2023-Q1,False,900.0,72.0,1.0,900,Phase 3 – Optimised Pricing,0.58,Strong occupancy after data-driven reprice
BAR-B0165,Barekese,Kumasi,Ashanti Region,Short Stay / Event Hosting,Nightly Stay,2023-03-08,2023,March,Q1,2023-Q1,False,900.0,72.0,3.0,900,Phase 3 – Optimised Pricing,0.58,Strong occupancy after data-driven reprice
BAR-B0166,Barekese,Kumasi,Ashanti Region,Short Stay / Event Hosting,Nightly Stay,2023-05-15,2023,May,Q2,2023-Q2,False,900.0,72.0,1.0,900,Phase 3 – Optimised Pricing,0.58,Strong occupancy after data-driven reprice
BAR-B0167,Barekese,Kumasi,Ashanti Region,Short Stay / Event Hosting,Nightly Stay,2023-08-15,2023,August,Q3,2023-Q3,False,900.0,72.0,3.0,900,Phase 3 – Optimised Pricing,0.58,Strong occupancy after data-driven reprice
BAR-B0168,Barekese,Kumasi,Ashanti Region,Short Stay / Event Hosting,Nightly Stay,2023-08-07,2023,August,Q3,2023-Q3,False,900.0,72.0,3.0,900,Phase 3 – Optimised Pricing,0.58,Strong occupancy after data-driven reprice
BAR-B0169,Barekese,Kumasi,Ashanti Region,Short Stay / Event Hosting,Nightly Stay,2023-02-27,2023,February,Q1,2023-Q1,False,900.0,72.0,1.0,900,Phase 3 – Optimised Pricing,0.58,Strong occupancy after data-driven reprice
BAR-B0170,Barekese,Kumasi,Ashanti Region,Short Stay / Event Hosting,Nightly Stay,2023-12-20,2023,December,Q4,2023-Q4,False,900.0,72.0,5.0,900,Phase 3 – Optimised Pricing,0.58,Strong occupancy after data-driven reprice
BAR-B0171,Barekese,Kumasi,Ashanti Region,Short Stay / Event Hosting,Nightly Stay,2023-10-07,2023,October,Q4,2023-Q4,True,1200.0,96.0,1.0,1200,Phase 3 – Optimised Pricing,0.58,Strong occupancy after data-driven reprice
BAR-B0172,Barekese,Kumasi,Ashanti Region,Short Stay / Event Hosting,Nightly Stay,2023-07-09,2023,July,Q3,2023-Q3,True,1200.0,96.0,3.0,1200,Phase 3 – Optimised Pricing,0.58,Strong occupancy after data-driven reprice
BAR-B0173,Barekese,Kumasi,Ashanti Region,Short Stay / Event Hosting,Nightly Stay,2023-03-17,2023,March,Q1,2023-Q1,True,1200.0,96.0,2.0,1200,Phase 3 – Optimised Pricing,0.58,Strong occupancy after data-driven reprice
BAR-B0174,Barekese,Kumasi,Ashanti Region,Short Stay / Event Hosting,Nightly Stay,2023-01-22,2023,January,Q1,2023-Q1,True,1200.0,96.0,2.0,1200,Phase 3 – Optimised Pricing,0.58,Strong occupancy after data-driven reprice
BAR-B0175,Barekese,Kumasi,Ashanti Region,Short Stay / Event Hosting,Nightly Stay,2023-01-21,2023,January,Q1,2023-Q1,True,1200.0,96.0,5.0,1200,Phase 3 – Optimised Pricing,0.58,Strong occupancy after data-driven reprice
BAR-B0176,Barekese,Kumasi,Ashanti Region,Short Stay / Event Hosting,Nightly Stay,2023-04-18,2023,April,Q2,2023-Q2,False,900.0,72.0,3.0,900,Phase 3 – Optimised Pricing,0.58,Strong occupancy after data-driven reprice
BAR-B0177,Barekese,Kumasi,Ashanti Region,Short Stay / Event Hosting,Nightly Stay,2023-02-22,2023,February,Q1,2023-Q1,False,900.0,72.0,2.0,900,Phase 3 – Optimised Pricing,0.58,Strong occupancy after data-driven reprice
BAR-B0178,Barekese,Kumasi,Ashanti Region,Short Stay / Event Hosting,Nightly Stay,2023-10-14,2023,October,Q4,2023-Q4,True,1200.0,96.0,5.0,1200,Phase 3 – Optimised Pricing,0.58,Strong occupancy after data-driven reprice
BAR-B0179,Barekese,Kumasi,Ashanti Region,Short Stay / Event Hosting,Nightly Stay,2023-11-14,2023,November,Q4,2023-Q4,False,900.0,72.0,3.0,900,Phase 3 – Optimised Pricing,0.58,Strong occupancy after data-driven reprice
BAR-B0180,Barekese,Kumasi,Ashanti Region,Short Stay / Event Hosting,Nightly Stay,2023-03-25,2023,March,Q1,2023-Q1,True,1200.0,96.0,7.0,1200,Phase 3 – Optimised Pricing,0.58,Strong occupancy after data-driven reprice
BAR-B0181,Barekese,Kumasi,Ashanti Region,Short Stay / Event Hosting,Nightly Stay,2023-04-01,2023,April,Q2,2023-Q2,True,1200.0,96.0,5.0,1200,Phase 3 – Optimised Pricing,0.58,Strong occupancy after data-driven reprice
BAR-B0182,Barekese,Kumasi,Ashanti Region,Short Stay / Event Hosting,Nightly Stay,2023-01-13,2023,January,Q1,2023-Q1,True,1200.0,96.0,1.0,1200,Phase 3 – Optimised Pricing,0.58,Strong occupancy after data-driven reprice
BAR-B0183,Barekese,Kumasi,Ashanti Region,Short Stay / Event Hosting,Nightly Stay,2023-06-20,2023,June,Q2,2023-Q2,False,900.0,72.0,4.0,900,Phase 3 – Optimised Pricing,0.58,Strong occupancy after data-driven reprice
BAR-B0184,Barekese,Kumasi,Ashanti Region,Short Stay / Event Hosting,Nightly Stay,2023-07-30,2023,July,Q3,2023-Q3,True,1200.0,96.0,4.0,1200,Phase 3 – Optimised Pricing,0.58,Strong occupancy after data-driven reprice
BAR-B0185,Barekese,Kumasi,Ashanti Region,Short Stay / Event Hosting,Nightly Stay,2023-05-08,2023,May,Q2,2023-Q2,False,900.0,72.0,1.0,900,Phase 3 – Optimised Pricing,0.58,Strong occupancy after data-driven reprice
BAR-B0186,Barekese,Kumasi,Ashanti Region,Short Stay / Event Hosting,Nightly Stay,2023-12-26,2023,December,Q4,2023-Q4,False,900.0,72.0,1.0,900,Phase 3 – Optimised Pricing,0.58,Strong occupancy after data-driven reprice
BAR-B0187,Barekese,Kumasi,Ashanti Region,Short Stay / Event Hosting,Nightly Stay,2023-01-20,2023,January,Q1,2023-Q1,True,1200.0,96.0,5.0,1200,Phase 3 – Optimised Pricing,0.58,Strong occupancy after data-driven reprice
BAR-B0188,Barekese,Kumasi,Ashanti Region,Short Stay / Event Hosting,Nightly Stay,2023-04-24,2023,April,Q2,2023-Q2,False,900.0,72.0,1.0,900,Phase 3 – Optimised Pricing,0.58,Strong occupancy after data-driven reprice
BAR-B0189,Barekese,Kumasi,Ashanti Region,Short Stay / Event Hosting,Nightly Stay,2023-08-24,2023,August,Q3,2023-Q3,False,900.0,72.0,2.0,900,Phase 3 – Optimised Pricing,0.58,Strong occupancy after data-driven reprice
BAR-B0190,Barekese,Kumasi,Ashanti Region,Short Stay / Event Hosting,Nightly Stay,2023-04-27,2023,April,Q2,2023-Q2,False,900.0,72.0,1.0,900,Phase 3 – Optimised Pricing,0.58,Strong occupancy after data-driven reprice
BAR-B0191,Barekese,Kumasi,Ashanti Region,Short Stay / Event Hosting,Nightly Stay,2023-12-04,2023,December,Q4,2023-Q4,False,900.0,72.0,1.0,900,Phase 3 – Optimised Pricing,0.58,Strong occupancy after data-driven reprice
BAR-B0192,Barekese,Kumasi,Ashanti Region,Short Stay / Event Hosting,Nightly Stay,2023-06-18,2023,June,Q2,2023-Q2,True,1200.0,96.0,1.0,1200,Phase 3 – Optimised Pricing,0.58,Strong occupancy after data-driven reprice
BAR-B0193,Barekese,Kumasi,Ashanti Region,Short Stay / Event Hosting,Nightly Stay,2023-02-05,2023,February,Q1,2023-Q1,True,1200.0,96.0,7.0,1200,Phase 3 – Optimised Pricing,0.58,Strong occupancy after data-driven reprice
BAR-B0194,Barekese,Kumasi,Ashanti Region,Short Stay / Event Hosting,Nightly Stay,2023-06-29,2023,June,Q2,2023-Q2,False,900.0,72.0,3.0,900,Phase 3 – Optimised Pricing,0.58,Strong occupancy after data-driven reprice
BAR-B0195,Barekese,Kumasi,Ashanti Region,Short Stay / Event Hosting,Nightly Stay,2023-07-24,2023,July,Q3,2023-Q3,False,900.0,72.0,3.0,900,Phase 3 – Optimised Pricing,0.58,Strong occupancy after data-driven reprice
BAR-B0196,Barekese,Kumasi,Ashanti Region,Short Stay / Event Hosting,Nightly Stay,2023-10-02,2023,October,Q4,2023-Q4,False,900.0,72.0,2.0,900,Phase 3 – Optimised Pricing,0.58,Strong occupancy after data-driven reprice
BAR-B0197,Barekese,Kumasi,Ashanti Region,Short Stay / Event Hosting,Nightly Stay,2023-01-15,2023,January,Q1,2023-Q1,True,1200.0,96.0,1.0,1200,Phase 3 – Optimised Pricing,0.58,Strong occupancy after data-driven reprice
BAR-B0198,Barekese,Kumasi,Ashanti Region,Short Stay / Event Hosting,Nightly Stay,2023-05-14,2023,May,Q2,2023-Q2,True,1200.0,96.0,1.0,1200,Phase 3 – Optimised Pricing,0.58,Strong occupancy after data-driven reprice
BAR-B0199,Barekese,Kumasi,Ashanti Region,Short Stay / Event Hosting,Nightly Stay,2023-05-16,2023,May,Q2,2023-Q2,False,900.0,72.0,1.0,900,Phase 3 – Optimised Pricing,0.58,Strong occupancy after data-driven reprice
BAR-B0200,Barekese,Kumasi,Ashanti Region,Short Stay / Event Hosting,Nightly Stay,2023-11-02,2023,November,Q4,2023-Q4,False,900.0,72.0,2.0,900,Phase 3 – Optimised Pricing,0.58,Strong occupancy after data-driven reprice
BAR-B0201,Barekese,Kumasi,Ashanti Region,Short Stay / Event Hosting,Nightly Stay,2023-08-12,2023,August,Q3,2023-Q3,True,1200.0,96.0,3.0,1200,Phase 3 – Optimised Pricing,0.58,Strong occupancy after data-driven reprice
BAR-B0202,Barekese,Kumasi,Ashanti Region,Short Stay / Event Hosting,Nightly Stay,2023-09-19,2023,September,Q3,2023-Q3,False,900.0,72.0,1.0,900,Phase 3 – Optimised Pricing,0.58,Strong occupancy after data-driven reprice
BAR-B0203,Barekese,Kumasi,Ashanti Region,Short Stay / Event Hosting,Nightly Stay,2023-10-23,2023,October,Q4,2023-Q4,False,900.0,72.0,1.0,900,Phase 3 – Optimised Pricing,0.58,Strong occupancy after data-driven reprice
BAR-B0204,Barekese,Kumasi,Ashanti Region,Short Stay / Event Hosting,Nightly Stay,2023-12-29,2023,December,Q4,2023-Q4,True,1200.0,96.0,2.0,1200,Phase 3 – Optimised Pricing,0.58,Strong occupancy after data-driven reprice
BAR-B0205,Barekese,Kumasi,Ashanti Region,Short Stay / Event Hosting,Nightly Stay,2023-09-24,2023,September,Q3,2023-Q3,True,1200.0,96.0,5.0,1200,Phase 3 – Optimised Pricing,0.58,Strong occupancy after data-driven reprice
BAR-B0206,Barekese,Kumasi,Ashanti Region,Short Stay / Event Hosting,Nightly Stay,2023-10-03,2023,October,Q4,2023-Q4,False,900.0,72.0,3.0,900,Phase 3 – Optimised Pricing,0.58,Strong occupancy after data-driven reprice
BAR-B0207,Barekese,Kumasi,Ashanti Region,Short Stay / Event Hosting,Nightly Stay,2023-12-10,2023,December,Q4,2023-Q4,True,1200.0,96.0,1.0,1200,Phase 3 – Optimised Pricing,0.58,Strong occupancy after data-driven reprice
BAR-B0208,Barekese,Kumasi,Ashanti Region,Short Stay / Event Hosting,Nightly Stay,2023-08-09,2023,August,Q3,2023-Q3,False,900.0,72.0,1.0,900,Phase 3 – Optimised Pricing,0.58,Strong occupancy after data-driven reprice
BAR-B0209,Barekese,Kumasi,Ashanti Region,Short Stay / Event Hosting,Nightly Stay,2023-12-07,2023,December,Q4,2023-Q4,False,900.0,72.0,5.0,900,Phase 3 – Optimised Pricing,0.58,Strong occupancy after data-driven reprice
BAR-B0210,Barekese,Kumasi,Ashanti Region,Short Stay / Event Hosting,Nightly Stay,2023-11-16,2023,November,Q4,2023-Q4,False,900.0,72.0,2.0,900,Phase 3 – Optimised Pricing,0.58,Strong occupancy after data-driven reprice
BAR-B0211,Barekese,Kumasi,Ashanti Region,Short Stay / Event Hosting,Nightly Stay,2023-03-05,2023,March,Q1,2023-Q1,True,1200.0,96.0,3.0,1200,Phase 3 – Optimised Pricing,0.58,Strong occupancy after data-driven reprice
BAR-B0212,Barekese,Kumasi,Ashanti Region,Short Stay / Event Hosting,Nightly Stay,2023-09-17,2023,September,Q3,2023-Q3,True,1200.0,96.0,2.0,1200,Phase 3 – Optimised Pricing,0.58,Strong occupancy after data-driven reprice
BAR-B0213,Barekese,Kumasi,Ashanti Region,Short Stay / Event Hosting,Nightly Stay,2023-07-29,2023,July,Q3,2023-Q3,True,1200.0,96.0,2.0,1200,Phase 3 – Optimised Pricing,0.58,Strong occupancy after data-driven reprice
BAR-B0214,Barekese,Kumasi,Ashanti Region,Short Stay / Event Hosting,Nightly Stay,2023-10-11,2023,October,Q4,2023-Q4,False,900.0,72.0,1.0,900,Phase 3 – Optimised Pricing,0.58,Strong occupancy after data-driven reprice
BAR-B0215,Barekese,Kumasi,Ashanti Region,Short Stay / Event Hosting,Nightly Stay,2023-08-04,2023,August,Q3,2023-Q3,True,1200.0,96.0,3.0,1200,Phase 3 – Optimised Pricing,0.58,Strong occupancy after data-driven reprice
BAR-B0216,Barekese,Kumasi,Ashanti Region,Short Stay / Event Hosting,Nightly Stay,2023-07-14,2023,July,Q3,2023-Q3,True,1200.0,96.0,3.0,1200,Phase 3 – Optimised Pricing,0.58,Strong occupancy after data-driven reprice
BAR-B0217,Barekese,Kumasi,Ashanti Region,Short Stay / Event Hosting,Nightly Stay,2023-03-31,2023,March,Q1,2023-Q1,True,1200.0,96.0,3.0,1200,Phase 3 – Optimised Pricing,0.58,Strong occupancy after data-driven reprice
BAR-B0218,Barekese,Kumasi,Ashanti Region,Short Stay / Event Hosting,Nightly Stay,2023-06-04,2023,June,Q2,2023-Q2,True,1200.0,96.0,2.0,1200,Phase 3 – Optimised Pricing,0.58,Strong occupancy after data-driven reprice
BAR-B0219,Barekese,Kumasi,Ashanti Region,Short Stay / Event Hosting,Nightly Stay,2023-01-01,2023,January,Q1,2023-Q1,True,1200.0,96.0,2.0,1200,Phase 3 – Optimised Pricing,0.58,Strong occupancy after data-driven reprice
BAR-B0220,Barekese,Kumasi,Ashanti Region,Short Stay / Event Hosting,Nightly Stay,2023-10-24,2023,October,Q4,2023-Q4,False,900.0,72.0,3.0,900,Phase 3 – Optimised Pricing,0.58,Strong occupancy after data-driven reprice
BAR-B0221,Barekese,Kumasi,Ashanti Region,Short Stay / Event Hosting,Nightly Stay,2023-06-14,2023,June,Q2,2023-Q2,False,900.0,72.0,2.0,900,Phase 3 – Optimised Pricing,0.58,Strong occupancy after data-driven reprice
BAR-B0222,Barekese,Kumasi,Ashanti Region,Short Stay / Event Hosting,Nightly Stay,2023-12-12,2023,December,Q4,2023-Q4,False,900.0,72.0,1.0,900,Phase 3 – Optimised Pricing,0.58,Strong occupancy after data-driven reprice
BAR-B0223,Barekese,Kumasi,Ashanti Region,Short Stay / Event Hosting,Nightly Stay,2023-08-31,2023,August,Q3,2023-Q3,False,900.0,72.0,4.0,900,Phase 3 – Optimised Pricing,0.58,Strong occupancy after data-driven reprice
BAR-B0224,Barekese,Kumasi,Ashanti Region,Short Stay / Event Hosting,Nightly Stay,2023-03-28,2023,March,Q1,2023-Q1,False,900.0,72.0,3.0,900,Phase 3 – Optimised Pricing,0.58,Strong occupancy after data-driven reprice
BAR-B0225,Barekese,Kumasi,Ashanti Region,Short Stay / Event Hosting,Nightly Stay,2023-05-26,2023,May,Q2,2023-Q2,True,1200.0,96.0,2.0,1200,Phase 3 – Optimised Pricing,0.58,Strong occupancy after data-driven reprice
BAR-B0226,Barekese,Kumasi,Ashanti Region,Short Stay / Event Hosting,Nightly Stay,2023-06-21,2023,June,Q2,2023-Q2,False,900.0,72.0,1.0,900,Phase 3 – Optimised Pricing,0.58,Strong occupancy after data-driven reprice
BAR-B0227,Barekese,Kumasi,Ashanti Region,Short Stay / Event Hosting,Nightly Stay,2023-12-11,2023,December,Q4,2023-Q4,False,900.0,72.0,2.0,900,Phase 3 – Optimised Pricing,0.58,Strong occupancy after data-driven reprice
BAR-B0228,Barekese,Kumasi,Ashanti Region,Short Stay / Event Hosting,Nightly Stay,2023-04-12,2023,April,Q2,2023-Q2,False,900.0,72.0,1.0,900,Phase 3 – Optimised Pricing,0.58,Strong occupancy after data-driven reprice
BAR-B0229,Barekese,Kumasi,Ashanti Region,Short Stay / Event Hosting,Nightly Stay,2023-01-24,2023,January,Q1,2023-Q1,False,900.0,72.0,1.0,900,Phase 3 – Optimised Pricing,0.58,Strong occupancy after data-driven reprice
BAR-B0230,Barekese,Kumasi,Ashanti Region,Short Stay / Event Hosting,Nightly Stay,2023-09-01,2023,September,Q3,2023-Q3,True,1200.0,96.0,3.0,1200,Phase 3 – Optimised Pricing,0.58,Strong occupancy after data-driven reprice
BAR-B0231,Barekese,Kumasi,Ashanti Region,Short Stay / Event Hosting,Nightly Stay,2023-08-22,2023,August,Q3,2023-Q3,False,900.0,72.0,2.0,900,Phase 3 – Optimised Pricing,0.58,Strong occupancy after data-driven reprice
BAR-B0232,Barekese,Kumasi,Ashanti Region,Short Stay / Event Hosting,Nightly Stay,2023-11-19,2023,November,Q4,2023-Q4,True,1200.0,96.0,3.0,1200,Phase 3 – Optimised Pricing,0.58,Strong occupancy after data-driven reprice
BAR-B0233,Barekese,Kumasi,Ashanti Region,Short Stay / Event Hosting,Nightly Stay,2023-07-16,2023,July,Q3,2023-Q3,True,1200.0,96.0,2.0,1200,Phase 3 – Optimised Pricing,0.58,Strong occupancy after data-driven reprice
BAR-B0234,Barekese,Kumasi,Ashanti Region,Short Stay / Event Hosting,Nightly Stay,2023-12-02,2023,December,Q4,2023-Q4,True,1200.0,96.0,3.0,1200,Phase 3 – Optimised Pricing,0.58,Strong occupancy after data-driven reprice
BAR-B0235,Barekese,Kumasi,Ashanti Region,Short Stay / Event Hosting,Nightly Stay,2023-08-06,2023,August,Q3,2023-Q3,True,1200.0,96.0,1.0,1200,Phase 3 – Optimised Pricing,0.58,Strong occupancy after data-driven reprice
BAR-B0236,Barekese,Kumasi,Ashanti Region,Short Stay / Event Hosting,Nightly Stay,2023-09-23,2023,September,Q3,2023-Q3,True,1200.0,96.0,2.0,1200,Phase 3 – Optimised Pricing,0.58,Strong occupancy after data-driven reprice
BAR-B0237,Barekese,Kumasi,Ashanti Region,Short Stay / Event Hosting,Nightly Stay,2023-10-13,2023,October,Q4,2023-Q4,True,1200.0,96.0,1.0,1200,Phase 3 – Optimised Pricing,0.58,Strong occupancy after data-driven reprice
BAR-B0238,Barekese,Kumasi,Ashanti Region,Short Stay / Event Hosting,Nightly Stay,2023-03-04,2023,March,Q1,2023-Q1,True,1200.0,96.0,2.0,1200,Phase 3 – Optimised Pricing,0.58,Strong occupancy after data-driven reprice
BAR-B0239,Barekese,Kumasi,Ashanti Region,Short Stay / Event Hosting,Nightly Stay,2023-08-26,2023,August,Q3,2023-Q3,True,1200.0,96.0,3.0,1200,Phase 3 – Optimised Pricing,0.58,Strong occupancy after data-driven reprice
BAR-B0240,Barekese,Kumasi,Ashanti Region,Short Stay / Event Hosting,Nightly Stay,2023-06-12,2023,June,Q2,2023-Q2,False,900.0,72.0,7.0,900,Phase 3 – Optimised Pricing,0.58,Strong occupancy after data-driven reprice
BAR-B0241,Barekese,Kumasi,Ashanti Region,Short Stay / Event Hosting,Nightly Stay,2023-10-08,2023,October,Q4,2023-Q4,True,1200.0,96.0,2.0,1200,Phase 3 – Optimised Pricing,0.58,Strong occupancy after data-driven reprice
BAR-B0242,Barekese,Kumasi,Ashanti Region,Short Stay / Event Hosting,Nightly Stay,2023-03-23,2023,March,Q1,2023-Q1,False,900.0,72.0,3.0,900,Phase 3 – Optimised Pricing,0.58,Strong occupancy after data-driven reprice
BAR-B0243,Barekese,Kumasi,Ashanti Region,Short Stay / Event Hosting,Nightly Stay,2023-08-19,2023,August,Q3,2023-Q3,True,1200.0,96.0,1.0,1200,Phase 3 – Optimised Pricing,0.58,Strong occupancy after data-driven reprice
BAR-B0244,Barekese,Kumasi,Ashanti Region,Short Stay / Event Hosting,Nightly Stay,2023-05-07,2023,May,Q2,2023-Q2,True,1200.0,96.0,4.0,1200,Phase 3 – Optimised Pricing,0.58,Strong occupancy after data-driven reprice
BAR-B0245,Barekese,Kumasi,Ashanti Region,Short Stay / Event Hosting,Nightly Stay,2023-05-22,2023,May,Q2,2023-Q2,False,900.0,72.0,4.0,900,Phase 3 – Optimised Pricing,0.58,Strong occupancy after data-driven reprice
BAR-B0246,Barekese,Kumasi,Ashanti Region,Short Stay / Event Hosting,Nightly Stay,2023-11-17,2023,November,Q4,2023-Q4,True,1200.0,96.0,1.0,1200,Phase 3 – Optimised Pricing,0.58,Strong occupancy after data-driven reprice
BAR-B0247,Barekese,Kumasi,Ashanti Region,Short Stay / Event Hosting,Nightly Stay,2023-08-14,2023,August,Q3,2023-Q3,False,900.0,72.0,1.0,900,Phase 3 – Optimised Pricing,0.58,Strong occupancy after data-driven reprice
BAR-B0248,Barekese,Kumasi,Ashanti Region,Short Stay / Event Hosting,Nightly Stay,2023-05-27,2023,May,Q2,2023-Q2,True,1200.0,96.0,1.0,1200,Phase 3 – Optimised Pricing,0.58,Strong occupancy after data-driven reprice
BAR-B0249,Barekese,Kumasi,Ashanti Region,Short Stay / Event Hosting,Nightly Stay,2023-06-13,2023,June,Q2,2023-Q2,False,900.0,72.0,5.0,900,Phase 3 – Optimised Pricing,0.58,Strong occupancy after data-driven reprice
BAR-B0250,Barekese,Kumasi,Ashanti Region,Short Stay / Event Hosting,Nightly Stay,2023-03-12,2023,March,Q1,2023-Q1,True,1200.0,96.0,1.0,1200,Phase 3 – Optimised Pricing,0.58,Strong occupancy after data-driven reprice
BAR-B0251,Barekese,Kumasi,Ashanti Region,Short Stay / Event Hosting,Nightly Stay,2023-12-22,2023,December,Q4,2023-Q4,True,1200.0,96.0,1.0,1200,Phase 3 – Optimised Pricing,0.58,Strong occupancy after data-driven reprice
BAR-B0252,Barekese,Kumasi,Ashanti Region,Short Stay / Event Hosting,Nightly Stay,2023-02-02,2023,February,Q1,2023-Q1,False,900.0,72.0,2.0,900,Phase 3 – Optimised Pricing,0.58,Strong occupancy after data-driven reprice
BAR-B0253,Barekese,Kumasi,Ashanti Region,Short Stay / Event Hosting,Nightly Stay,2023-06-19,2023,June,Q2,2023-Q2,False,900.0,72.0,2.0,900,Phase 3 – Optimised Pricing,0.58,Strong occupancy after data-driven reprice
BAR-B0254,Barekese,Kumasi,Ashanti Region,Short Stay / Event Hosting,Nightly Stay,2023-08-01,2023,August,Q3,2023-Q3,False,900.0,72.0,1.0,900,Phase 3 – Optimised Pricing,0.58,Strong occupancy after data-driven reprice
BAR-B0255,Barekese,Kumasi,Ashanti Region,Short Stay / Event Hosting,Nightly Stay,2023-01-11,2023,January,Q1,2023-Q1,False,900.0,72.0,5.0,900,Phase 3 – Optimised Pricing,0.58,Strong occupancy after data-driven reprice
BAR-B0256,Barekese,Kumasi,Ashanti Region,Short Stay / Event Hosting,Nightly Stay,2023-10-22,2023,October,Q4,2023-Q4,True,1200.0,96.0,2.0,1200,Phase 3 – Optimised Pricing,0.58,Strong occupancy after data-driven reprice
BAR-B0257,Barekese,Kumasi,Ashanti Region,Short Stay / Event Hosting,Nightly Stay,2023-01-04,2023,January,Q1,2023-Q1,False,900.0,72.0,5.0,900,Phase 3 – Optimised Pricing,0.58,Strong occupancy after data-driven reprice
BAR-B0258,Barekese,Kumasi,Ashanti Region,Short Stay / Event Hosting,Nightly Stay,2023-06-02,2023,June,Q2,2023-Q2,True,1200.0,96.0,4.0,1200,Phase 3 – Optimised Pricing,0.58,Strong occupancy after data-driven reprice
BAR-B0259,Barekese,Kumasi,Ashanti Region,Short Stay / Event Hosting,Nightly Stay,2023-08-03,2023,August,Q3,2023-Q3,False,900.0,72.0,2.0,900,Phase 3 – Optimised Pricing,0.58,Strong occupancy after data-driven reprice
BAR-B0260,Barekese,Kumasi,Ashanti Region,Short Stay / Event Hosting,Nightly Stay,2023-11-05,2023,November,Q4,2023-Q4,True,1200.0,96.0,5.0,1200,Phase 3 – Optimised Pricing,0.58,Strong occupancy after data-driven reprice
BAR-B0261,Barekese,Kumasi,Ashanti Region,Short Stay / Event Hosting,Nightly Stay,2023-04-23,2023,April,Q2,2023-Q2,True,1200.0,96.0,1.0,1200,Phase 3 – Optimised Pricing,0.58,Strong occupancy after data-driven reprice
BAR-B0262,Barekese,Kumasi,Ashanti Region,Short Stay / Event Hosting,Nightly Stay,2023-06-22,2023,June,Q2,2023-Q2,False,900.0,72.0,3.0,900,Phase 3 – Optimised Pricing,0.58,Strong occupancy after data-driven reprice
BAR-B0263,Barekese,Kumasi,Ashanti Region,Short Stay / Event Hosting,Nightly Stay,2023-07-27,2023,July,Q3,2023-Q3,False,900.0,72.0,3.0,900,Phase 3 – Optimised Pricing,0.58,Strong occupancy after data-driven reprice
BAR-B0264,Barekese,Kumasi,Ashanti Region,Short Stay / Event Hosting,Nightly Stay,2023-03-07,2023,March,Q1,2023-Q1,False,900.0,72.0,7.0,900,Phase 3 – Optimised Pricing,0.58,Strong occupancy after data-driven reprice
BAR-B0265,Barekese,Kumasi,Ashanti Region,Short Stay / Event Hosting,Nightly Stay,2023-10-01,2023,October,Q4,2023-Q4,True,1200.0,96.0,1.0,1200,Phase 3 – Optimised Pricing,0.58,Strong occupancy after data-driven reprice
BAR-B0266,Barekese,Kumasi,Ashanti Region,Short Stay / Event Hosting,Nightly Stay,2023-07-21,2023,July,Q3,2023-Q3,True,1200.0,96.0,3.0,1200,Phase 3 – Optimised Pricing,0.58,Strong occupancy after data-driven reprice
BAR-B0267,Barekese,Kumasi,Ashanti Region,Short Stay / Event Hosting,Nightly Stay,2023-01-14,2023,January,Q1,2023-Q1,True,1200.0,96.0,1.0,1200,Phase 3 – Optimised Pricing,0.58,Strong occupancy after data-driven reprice
BAR-B0268,Barekese,Kumasi,Ashanti Region,Short Stay / Event Hosting,Nightly Stay,2023-08-08,2023,August,Q3,2023-Q3,False,900.0,72.0,1.0,900,Phase 3 – Optimised Pricing,0.58,Strong occupancy after data-driven reprice
BAR-B0269,Barekese,Kumasi,Ashanti Region,Short Stay / Event Hosting,Nightly Stay,2023-08-25,2023,August,Q3,2023-Q3,True,1200.0,96.0,1.0,1200,Phase 3 – Optimised Pricing,0.58,Strong occupancy after data-driven reprice
BAR-B0270,Barekese,Kumasi,Ashanti Region,Short Stay / Event Hosting,Nightly Stay,2023-06-17,2023,June,Q2,2023-Q2,True,1200.0,96.0,1.0,1200,Phase 3 – Optimised Pricing,0.58,Strong occupancy after data-driven reprice
BAR-B0271,Barekese,Kumasi,Ashanti Region,Short Stay / Event Hosting,Nightly Stay,2023-05-10,2023,May,Q2,2023-Q2,False,900.0,72.0,4.0,900,Phase 3 – Optimised Pricing,0.58,Strong occupancy after data-driven reprice
BAR-B0272,Barekese,Kumasi,Ashanti Region,Short Stay / Event Hosting,Nightly Stay,2023-08-29,2023,August,Q3,2023-Q3,False,900.0,72.0,1.0,900,Phase 3 – Optimised Pricing,0.58,Strong occupancy after data-driven reprice
BAR-B0273,Barekese,Kumasi,Ashanti Region,Short Stay / Event Hosting,Nightly Stay,2023-04-25,2023,April,Q2,2023-Q2,False,900.0,72.0,3.0,900,Phase 3 – Optimised Pricing,0.58,Strong occupancy after data-driven reprice
BAR-B0274,Barekese,Kumasi,Ashanti Region,Short Stay / Event Hosting,Nightly Stay,2023-01-16,2023,January,Q1,2023-Q1,False,900.0,72.0,5.0,900,Phase 3 – Optimised Pricing,0.58,Strong occupancy after data-driven reprice
BAR-B0275,Barekese,Kumasi,Ashanti Region,Short Stay / Event Hosting,Nightly Stay,2023-04-13,2023,April,Q2,2023-Q2,False,900.0,72.0,4.0,900,Phase 3 – Optimised Pricing,0.58,Strong occupancy after data-driven reprice
BAR-B0276,Barekese,Kumasi,Ashanti Region,Short Stay / Event Hosting,Nightly Stay,2023-03-20,2023,March,Q1,2023-Q1,False,900.0,72.0,1.0,900,Phase 3 – Optimised Pricing,0.58,Strong occupancy after data-driven reprice
BAR-B0277,Barekese,Kumasi,Ashanti Region,Short Stay / Event Hosting,Nightly Stay,2023-02-28,2023,February,Q1,2023-Q1,False,900.0,72.0,3.0,900,Phase 3 – Optimised Pricing,0.58,Strong occupancy after data-driven reprice
BAR-B0278,Barekese,Kumasi,Ashanti Region,Short Stay / Event Hosting,Nightly Stay,2023-04-22,2023,April,Q2,2023-Q2,True,1200.0,96.0,2.0,1200,Phase 3 – Optimised Pricing,0.58,Strong occupancy after data-driven reprice
BAR-B0279,Barekese,Kumasi,Ashanti Region,Short Stay / Event Hosting,Nightly Stay,2023-05-12,2023,May,Q2,2023-Q2,True,1200.0,96.0,4.0,1200,Phase 3 – Optimised Pricing,0.58,Strong occupancy after data-driven reprice
BAR-B0280,Barekese,Kumasi,Ashanti Region,Short Stay / Event Hosting,Nightly Stay,2023-03-27,2023,March,Q1,2023-Q1,False,900.0,72.0,3.0,900,Phase 3 – Optimised Pricing,0.58,Strong occupancy after data-driven reprice
BAR-B0281,Barekese,Kumasi,Ashanti Region,Short Stay / Event Hosting,Nightly Stay,2023-06-09,2023,June,Q2,2023-Q2,True,1200.0,96.0,1.0,1200,Phase 3 – Optimised Pricing,0.58,Strong occupancy after data-driven reprice
BAR-B0282,Barekese,Kumasi,Ashanti Region,Short Stay / Event Hosting,Nightly Stay,2023-12-13,2023,December,Q4,2023-Q4,False,900.0,72.0,5.0,900,Phase 3 – Optimised Pricing,0.58,Strong occupancy after data-driven reprice
BAR-B0283,Barekese,Kumasi,Ashanti Region,Short Stay / Event Hosting,Nightly Stay,2023-07-12,2023,July,Q3,2023-Q3,False,900.0,72.0,2.0,900,Phase 3 – Optimised Pricing,0.58,Strong occupancy after data-driven reprice
BAR-B0284,Barekese,Kumasi,Ashanti Region,Short Stay / Event Hosting,Nightly Stay,2023-10-31,2023,October,Q4,2023-Q4,False,900.0,72.0,3.0,900,Phase 3 – Optimised Pricing,0.58,Strong occupancy after data-driven reprice
BAR-B0285,Barekese,Kumasi,Ashanti Region,Short Stay / Event Hosting,Nightly Stay,2023-11-18,2023,November,Q4,2023-Q4,True,1200.0,96.0,1.0,1200,Phase 3 – Optimised Pricing,0.58,Strong occupancy after data-driven reprice
BAR-B0286,Barekese,Kumasi,Ashanti Region,Short Stay / Event Hosting,Nightly Stay,2023-12-17,2023,December,Q4,2023-Q4,True,1200.0,96.0,3.0,1200,Phase 3 – Optimised Pricing,0.58,Strong occupancy after data-driven reprice
BAR-B0287,Barekese,Kumasi,Ashanti Region,Short Stay / Event Hosting,Nightly Stay,2023-03-03,2023,March,Q1,2023-Q1,True,1200.0,96.0,4.0,1200,Phase 3 – Optimised Pricing,0.58,Strong occupancy after data-driven reprice
BAR-B0288,Barekese,Kumasi,Ashanti Region,Short Stay / Event Hosting,Nightly Stay,2023-10-17,2023,October,Q4,2023-Q4,False,900.0,72.0,4.0,900,Phase 3 – Optimised Pricing,0.58,Strong occupancy after data-driven reprice
BAR-B0289,Barekese,Kumasi,Ashanti Region,Short Stay / Event Hosting,Nightly Stay,2023-06-27,2023,June,Q2,2023-Q2,False,900.0,72.0,2.0,900,Phase 3 – Optimised Pricing,0.58,Strong occupancy after data-driven reprice
BAR-B0290,Barekese,Kumasi,Ashanti Region,Short Stay / Event Hosting,Nightly Stay,2023-12-05,2023,December,Q4,2023-Q4,False,900.0,72.0,2.0,900,Phase 3 – Optimised Pricing,0.58,Strong occupancy after data-driven reprice
BAR-B0291,Barekese,Kumasi,Ashanti Region,Short Stay / Event Hosting,Nightly Stay,2023-11-28,2023,November,Q4,2023-Q4,False,900.0,72.0,2.0,900,Phase 3 – Optimised Pricing,0.58,Strong occupancy after data-driven reprice
BAR-B0292,Barekese,Kumasi,Ashanti Region,Short Stay / Event Hosting,Nightly Stay,2023-09-08,2023,September,Q3,2023-Q3,True,1200.0,96.0,1.0,1200,Phase 3 – Optimised Pricing,0.58,Strong occupancy after data-driven reprice
BAR-B0293,Barekese,Kumasi,Ashanti Region,Short Stay / Event Hosting,Nightly Stay,2023-07-05,2023,July,Q3,2023-Q3,False,900.0,72.0,3.0,900,Phase 3 – Optimised Pricing,0.58,Strong occupancy after data-driven reprice
BAR-B0294,Barekese,Kumasi,Ashanti Region,Short Stay / Event Hosting,Nightly Stay,2023-08-11,2023,August,Q3,2023-Q3,True,1200.0,96.0,1.0,1200,Phase 3 – Optimised Pricing,0.58,Strong occupancy after data-driven reprice
BAR-B0295,Barekese,Kumasi,Ashanti Region,Short Stay / Event Hosting,Nightly Stay,2023-09-25,2023,September,Q3,2023-Q3,False,900.0,72.0,7.0,900,Phase 3 – Optimised Pricing,0.58,Strong occupancy after data-driven reprice
BAR-B0296,Barekese,Kumasi,Ashanti Region,Short Stay / Event Hosting,Nightly Stay,2023-05-19,2023,May,Q2,2023-Q2,True,1200.0,96.0,3.0,1200,Phase 3 – Optimised Pricing,0.58,Strong occupancy after data-driven reprice
BAR-B0297,Barekese,Kumasi,Ashanti Region,Short Stay / Event Hosting,Nightly Stay,2023-09-05,2023,September,Q3,2023-Q3,False,900.0,72.0,2.0,900,Phase 3 – Optimised Pricing,0.58,Strong occupancy after data-driven reprice
BAR-B0298,Barekese,Kumasi,Ashanti Region,Short Stay / Event Hosting,Nightly Stay,2023-05-18,2023,May,Q2,2023-Q2,False,900.0,72.0,2.0,900,Phase 3 – Optimised Pricing,0.58,Strong occupancy after data-driven reprice
BAR-B0299,Barekese,Kumasi,Ashanti Region,Short Stay / Event Hosting,Nightly Stay,2023-02-14,2023,February,Q1,2023-Q1,False,900.0,72.0,1.0,900,Phase 3 – Optimised Pricing,0.58,Strong occupancy after data-driven reprice
BAR-B0300,Barekese,Kumasi,Ashanti Region,Short Stay / Event Hosting,Nightly Stay,2023-11-09,2023,November,Q4,2023-Q4,False,900.0,72.0,3.0,900,Phase 3 – Optimised Pricing,0.58,Strong occupancy after data-driven reprice
BAR-B0301,Barekese,Kumasi,Ashanti Region,Short Stay / Event Hosting,Nightly Stay,2023-09-11,2023,September,Q3,2023-Q3,False,900.0,72.0,5.0,900,Phase 3 – Optimised Pricing,0.58,Strong occupancy after data-driven reprice
BAR-E0302,Barekese,Kumasi,Ashanti Region,Short Stay / Event Hosting,Event Hosting,2023-04-04,2023,April,Q2,2023-Q2,False,,,,3000,Phase 3 – Optimised Pricing,0.58,Strong occupancy after data-driven reprice
BAR-E0303,Barekese,Kumasi,Ashanti Region,Short Stay / Event Hosting,Event Hosting,2023-09-07,2023,September,Q3,2023-Q3,False,,,,3000,Phase 3 – Optimised Pricing,0.58,Strong occupancy after data-driven reprice
BAR-B0304,Barekese,Kumasi,Ashanti Region,Short Stay / Event Hosting,Nightly Stay,2024-02-24,2024,February,Q1,2024-Q1,True,1300.0,89.66,2.0,1300,Phase 4 – Stable Growth,0.65,Incremental price recovery with demand
BAR-B0305,Barekese,Kumasi,Ashanti Region,Short Stay / Event Hosting,Nightly Stay,2024-03-07,2024,March,Q1,2024-Q1,False,1000.0,68.97,2.0,1000,Phase 4 – Stable Growth,0.65,Incremental price recovery with demand
BAR-B0306,Barekese,Kumasi,Ashanti Region,Short Stay / Event Hosting,Nightly Stay,2024-06-01,2024,June,Q2,2024-Q2,True,1300.0,89.66,3.0,1300,Phase 4 – Stable Growth,0.65,Incremental price recovery with demand
BAR-B0307,Barekese,Kumasi,Ashanti Region,Short Stay / Event Hosting,Nightly Stay,2024-03-11,2024,March,Q1,2024-Q1,False,1000.0,68.97,3.0,1000,Phase 4 – Stable Growth,0.65,Incremental price recovery with demand
BAR-B0308,Barekese,Kumasi,Ashanti Region,Short Stay / Event Hosting,Nightly Stay,2024-05-12,2024,May,Q2,2024-Q2,True,1300.0,89.66,5.0,1300,Phase 4 – Stable Growth,0.65,Incremental price recovery with demand
BAR-B0309,Barekese,Kumasi,Ashanti Region,Short Stay / Event Hosting,Nightly Stay,2024-01-22,2024,January,Q1,2024-Q1,False,1000.0,68.97,1.0,1000,Phase 4 – Stable Growth,0.65,Incremental price recovery with demand
BAR-B0310,Barekese,Kumasi,Ashanti Region,Short Stay / Event Hosting,Nightly Stay,2024-04-14,2024,April,Q2,2024-Q2,True,1300.0,89.66,2.0,1300,Phase 4 – Stable Growth,0.65,Incremental price recovery with demand
BAR-B0311,Barekese,Kumasi,Ashanti Region,Short Stay / Event Hosting,Nightly Stay,2024-03-02,2024,March,Q1,2024-Q1,True,1300.0,89.66,3.0,1300,Phase 4 – Stable Growth,0.65,Incremental price recovery with demand
BAR-B0312,Barekese,Kumasi,Ashanti Region,Short Stay / Event Hosting,Nightly Stay,2024-06-14,2024,June,Q2,2024-Q2,True,1300.0,89.66,3.0,1300,Phase 4 – Stable Growth,0.65,Incremental price recovery with demand
BAR-B0313,Barekese,Kumasi,Ashanti Region,Short Stay / Event Hosting,Nightly Stay,2024-04-24,2024,April,Q2,2024-Q2,False,1000.0,68.97,4.0,1000,Phase 4 – Stable Growth,0.65,Incremental price recovery with demand
BAR-B0314,Barekese,Kumasi,Ashanti Region,Short Stay / Event Hosting,Nightly Stay,2024-01-24,2024,January,Q1,2024-Q1,False,1000.0,68.97,1.0,1000,Phase 4 – Stable Growth,0.65,Incremental price recovery with demand
BAR-B0315,Barekese,Kumasi,Ashanti Region,Short Stay / Event Hosting,Nightly Stay,2024-04-13,2024,April,Q2,2024-Q2,True,1300.0,89.66,3.0,1300,Phase 4 – Stable Growth,0.65,Incremental price recovery with demand
BAR-B0316,Barekese,Kumasi,Ashanti Region,Short Stay / Event Hosting,Nightly Stay,2024-03-19,2024,March,Q1,2024-Q1,False,1000.0,68.97,3.0,1000,Phase 4 – Stable Growth,0.65,Incremental price recovery with demand
BAR-B0317,Barekese,Kumasi,Ashanti Region,Short Stay / Event Hosting,Nightly Stay,2024-04-04,2024,April,Q2,2024-Q2,False,1000.0,68.97,2.0,1000,Phase 4 – Stable Growth,0.65,Incremental price recovery with demand
BAR-B0318,Barekese,Kumasi,Ashanti Region,Short Stay / Event Hosting,Nightly Stay,2024-05-15,2024,May,Q2,2024-Q2,False,1000.0,68.97,2.0,1000,Phase 4 – Stable Growth,0.65,Incremental price recovery with demand
BAR-B0319,Barekese,Kumasi,Ashanti Region,Short Stay / Event Hosting,Nightly Stay,2024-05-20,2024,May,Q2,2024-Q2,False,1000.0,68.97,2.0,1000,Phase 4 – Stable Growth,0.65,Incremental price recovery with demand
BAR-B0320,Barekese,Kumasi,Ashanti Region,Short Stay / Event Hosting,Nightly Stay,2024-06-28,2024,June,Q2,2024-Q2,True,1300.0,89.66,2.0,1300,Phase 4 – Stable Growth,0.65,Incremental price recovery with demand
BAR-B0321,Barekese,Kumasi,Ashanti Region,Short Stay / Event Hosting,Nightly Stay,2024-03-05,2024,March,Q1,2024-Q1,False,1000.0,68.97,1.0,1000,Phase 4 – Stable Growth,0.65,Incremental price recovery with demand
BAR-B0322,Barekese,Kumasi,Ashanti Region,Short Stay / Event Hosting,Nightly Stay,2024-02-19,2024,February,Q1,2024-Q1,False,1000.0,68.97,2.0,1000,Phase 4 – Stable Growth,0.65,Incremental price recovery with demand
BAR-B0323,Barekese,Kumasi,Ashanti Region,Short Stay / Event Hosting,Nightly Stay,2024-05-17,2024,May,Q2,2024-Q2,True,1300.0,89.66,7.0,1300,Phase 4 – Stable Growth,0.65,Incremental price recovery with demand
BAR-B0324,Barekese,Kumasi,Ashanti Region,Short Stay / Event Hosting,Nightly Stay,2024-06-25,2024,June,Q2,2024-Q2,False,1000.0,68.97,1.0,1000,Phase 4 – Stable Growth,0.65,Incremental price recovery with demand
BAR-B0325,Barekese,Kumasi,Ashanti Region,Short Stay / Event Hosting,Nightly Stay,2024-02-25,2024,February,Q1,2024-Q1,True,1300.0,89.66,3.0,1300,Phase 4 – Stable Growth,0.65,Incremental price recovery with demand
BAR-B0326,Barekese,Kumasi,Ashanti Region,Short Stay / Event Hosting,Nightly Stay,2024-05-30,2024,May,Q2,2024-Q2,False,1000.0,68.97,7.0,1000,Phase 4 – Stable Growth,0.65,Incremental price recovery with demand
BAR-B0327,Barekese,Kumasi,Ashanti Region,Short Stay / Event Hosting,Nightly Stay,2024-05-14,2024,May,Q2,2024-Q2,False,1000.0,68.97,3.0,1000,Phase 4 – Stable Growth,0.65,Incremental price recovery with demand
BAR-B0328,Barekese,Kumasi,Ashanti Region,Short Stay / Event Hosting,Nightly Stay,2024-01-26,2024,January,Q1,2024-Q1,True,1300.0,89.66,4.0,1300,Phase 4 – Stable Growth,0.65,Incremental price recovery with demand
BAR-B0329,Barekese,Kumasi,Ashanti Region,Short Stay / Event Hosting,Nightly Stay,2024-03-16,2024,March,Q1,2024-Q1,True,1300.0,89.66,1.0,1300,Phase 4 – Stable Growth,0.65,Incremental price recovery with demand
BAR-B0330,Barekese,Kumasi,Ashanti Region,Short Stay / Event Hosting,Nightly Stay,2024-02-15,2024,February,Q1,2024-Q1,False,1000.0,68.97,2.0,1000,Phase 4 – Stable Growth,0.65,Incremental price recovery with demand
BAR-B0331,Barekese,Kumasi,Ashanti Region,Short Stay / Event Hosting,Nightly Stay,2024-05-16,2024,May,Q2,2024-Q2,False,1000.0,68.97,1.0,1000,Phase 4 – Stable Growth,0.65,Incremental price recovery with demand
BAR-B0332,Barekese,Kumasi,Ashanti Region,Short Stay / Event Hosting,Nightly Stay,2024-01-12,2024,January,Q1,2024-Q1,True,1300.0,89.66,7.0,1300,Phase 4 – Stable Growth,0.65,Incremental price recovery with demand
BAR-B0333,Barekese,Kumasi,Ashanti Region,Short Stay / Event Hosting,Nightly Stay,2024-05-21,2024,May,Q2,2024-Q2,False,1000.0,68.97,1.0,1000,Phase 4 – Stable Growth,0.65,Incremental price recovery with demand
BAR-B0334,Barekese,Kumasi,Ashanti Region,Short Stay / Event Hosting,Nightly Stay,2024-02-02,2024,February,Q1,2024-Q1,True,1300.0,89.66,3.0,1300,Phase 4 – Stable Growth,0.65,Incremental price recovery with demand
BAR-B0335,Barekese,Kumasi,Ashanti Region,Short Stay / Event Hosting,Nightly Stay,2024-05-05,2024,May,Q2,2024-Q2,True,1300.0,89.66,1.0,1300,Phase 4 – Stable Growth,0.65,Incremental price recovery with demand
BAR-B0336,Barekese,Kumasi,Ashanti Region,Short Stay / Event Hosting,Nightly Stay,2024-01-04,2024,January,Q1,2024-Q1,False,1000.0,68.97,3.0,1000,Phase 4 – Stable Growth,0.65,Incremental price recovery with demand
BAR-B0337,Barekese,Kumasi,Ashanti Region,Short Stay / Event Hosting,Nightly Stay,2024-04-30,2024,April,Q2,2024-Q2,False,1000.0,68.97,2.0,1000,Phase 4 – Stable Growth,0.65,Incremental price recovery with demand
BAR-B0338,Barekese,Kumasi,Ashanti Region,Short Stay / Event Hosting,Nightly Stay,2024-03-28,2024,March,Q1,2024-Q1,False,1000.0,68.97,1.0,1000,Phase 4 – Stable Growth,0.65,Incremental price recovery with demand
BAR-B0339,Barekese,Kumasi,Ashanti Region,Short Stay / Event Hosting,Nightly Stay,2024-01-14,2024,January,Q1,2024-Q1,True,1300.0,89.66,1.0,1300,Phase 4 – Stable Growth,0.65,Incremental price recovery with demand
BAR-B0340,Barekese,Kumasi,Ashanti Region,Short Stay / Event Hosting,Nightly Stay,2024-05-02,2024,May,Q2,2024-Q2,False,1000.0,68.97,1.0,1000,Phase 4 – Stable Growth,0.65,Incremental price recovery with demand
BAR-B0341,Barekese,Kumasi,Ashanti Region,Short Stay / Event Hosting,Nightly Stay,2024-01-17,2024,January,Q1,2024-Q1,False,1000.0,68.97,2.0,1000,Phase 4 – Stable Growth,0.65,Incremental price recovery with demand
BAR-B0342,Barekese,Kumasi,Ashanti Region,Short Stay / Event Hosting,Nightly Stay,2024-01-19,2024,January,Q1,2024-Q1,True,1300.0,89.66,3.0,1300,Phase 4 – Stable Growth,0.65,Incremental price recovery with demand
BAR-B0343,Barekese,Kumasi,Ashanti Region,Short Stay / Event Hosting,Nightly Stay,2024-06-24,2024,June,Q2,2024-Q2,False,1000.0,68.97,1.0,1000,Phase 4 – Stable Growth,0.65,Incremental price recovery with demand
BAR-B0344,Barekese,Kumasi,Ashanti Region,Short Stay / Event Hosting,Nightly Stay,2024-02-08,2024,February,Q1,2024-Q1,False,1000.0,68.97,4.0,1000,Phase 4 – Stable Growth,0.65,Incremental price recovery with demand
BAR-B0345,Barekese,Kumasi,Ashanti Region,Short Stay / Event Hosting,Nightly Stay,2024-03-18,2024,March,Q1,2024-Q1,False,1000.0,68.97,1.0,1000,Phase 4 – Stable Growth,0.65,Incremental price recovery with demand
BAR-B0346,Barekese,Kumasi,Ashanti Region,Short Stay / Event Hosting,Nightly Stay,2024-03-04,2024,March,Q1,2024-Q1,False,1000.0,68.97,1.0,1000,Phase 4 – Stable Growth,0.65,Incremental price recovery with demand
BAR-B0347,Barekese,Kumasi,Ashanti Region,Short Stay / Event Hosting,Nightly Stay,2024-04-16,2024,April,Q2,2024-Q2,False,1000.0,68.97,3.0,1000,Phase 4 – Stable Growth,0.65,Incremental price recovery with demand
BAR-B0348,Barekese,Kumasi,Ashanti Region,Short Stay / Event Hosting,Nightly Stay,2024-06-07,2024,June,Q2,2024-Q2,True,1300.0,89.66,1.0,1300,Phase 4 – Stable Growth,0.65,Incremental price recovery with demand
BAR-B0349,Barekese,Kumasi,Ashanti Region,Short Stay / Event Hosting,Nightly Stay,2024-05-13,2024,May,Q2,2024-Q2,False,1000.0,68.97,2.0,1000,Phase 4 – Stable Growth,0.65,Incremental price recovery with demand
BAR-B0350,Barekese,Kumasi,Ashanti Region,Short Stay / Event Hosting,Nightly Stay,2024-04-23,2024,April,Q2,2024-Q2,False,1000.0,68.97,1.0,1000,Phase 4 – Stable Growth,0.65,Incremental price recovery with demand
BAR-B0351,Barekese,Kumasi,Ashanti Region,Short Stay / Event Hosting,Nightly Stay,2024-04-19,2024,April,Q2,2024-Q2,True,1300.0,89.66,2.0,1300,Phase 4 – Stable Growth,0.65,Incremental price recovery with demand
BAR-B0352,Barekese,Kumasi,Ashanti Region,Short Stay / Event Hosting,Nightly Stay,2024-01-16,2024,January,Q1,2024-Q1,False,1000.0,68.97,3.0,1000,Phase 4 – Stable Growth,0.65,Incremental price recovery with demand
BAR-B0353,Barekese,Kumasi,Ashanti Region,Short Stay / Event Hosting,Nightly Stay,2024-02-23,2024,February,Q1,2024-Q1,True,1300.0,89.66,3.0,1300,Phase 4 – Stable Growth,0.65,Incremental price recovery with demand
BAR-B0354,Barekese,Kumasi,Ashanti Region,Short Stay / Event Hosting,Nightly Stay,2024-03-08,2024,March,Q1,2024-Q1,True,1300.0,89.66,3.0,1300,Phase 4 – Stable Growth,0.65,Incremental price recovery with demand
BAR-B0355,Barekese,Kumasi,Ashanti Region,Short Stay / Event Hosting,Nightly Stay,2024-02-10,2024,February,Q1,2024-Q1,True,1300.0,89.66,1.0,1300,Phase 4 – Stable Growth,0.65,Incremental price recovery with demand
BAR-B0356,Barekese,Kumasi,Ashanti Region,Short Stay / Event Hosting,Nightly Stay,2024-01-20,2024,January,Q1,2024-Q1,True,1300.0,89.66,1.0,1300,Phase 4 – Stable Growth,0.65,Incremental price recovery with demand
BAR-B0357,Barekese,Kumasi,Ashanti Region,Short Stay / Event Hosting,Nightly Stay,2024-04-25,2024,April,Q2,2024-Q2,False,1000.0,68.97,3.0,1000,Phase 4 – Stable Growth,0.65,Incremental price recovery with demand
BAR-B0358,Barekese,Kumasi,Ashanti Region,Short Stay / Event Hosting,Nightly Stay,2024-03-15,2024,March,Q1,2024-Q1,True,1300.0,89.66,1.0,1300,Phase 4 – Stable Growth,0.65,Incremental price recovery with demand
BAR-B0359,Barekese,Kumasi,Ashanti Region,Short Stay / Event Hosting,Nightly Stay,2024-03-14,2024,March,Q1,2024-Q1,False,1000.0,68.97,3.0,1000,Phase 4 – Stable Growth,0.65,Incremental price recovery with demand
BAR-B0360,Barekese,Kumasi,Ashanti Region,Short Stay / Event Hosting,Nightly Stay,2024-04-26,2024,April,Q2,2024-Q2,True,1300.0,89.66,1.0,1300,Phase 4 – Stable Growth,0.65,Incremental price recovery with demand
BAR-B0361,Barekese,Kumasi,Ashanti Region,Short Stay / Event Hosting,Nightly Stay,2024-02-29,2024,February,Q1,2024-Q1,False,1000.0,68.97,5.0,1000,Phase 4 – Stable Growth,0.65,Incremental price recovery with demand
BAR-B0362,Barekese,Kumasi,Ashanti Region,Short Stay / Event Hosting,Nightly Stay,2024-06-09,2024,June,Q2,2024-Q2,True,1300.0,89.66,3.0,1300,Phase 4 – Stable Growth,0.65,Incremental price recovery with demand
BAR-B0363,Barekese,Kumasi,Ashanti Region,Short Stay / Event Hosting,Nightly Stay,2024-02-20,2024,February,Q1,2024-Q1,False,1000.0,68.97,2.0,1000,Phase 4 – Stable Growth,0.65,Incremental price recovery with demand
BAR-B0364,Barekese,Kumasi,Ashanti Region,Short Stay / Event Hosting,Nightly Stay,2024-05-19,2024,May,Q2,2024-Q2,True,1300.0,89.66,1.0,1300,Phase 4 – Stable Growth,0.65,Incremental price recovery with demand
BAR-B0365,Barekese,Kumasi,Ashanti Region,Short Stay / Event Hosting,Nightly Stay,2024-03-09,2024,March,Q1,2024-Q1,True,1300.0,89.66,4.0,1300,Phase 4 – Stable Growth,0.65,Incremental price recovery with demand
BAR-B0366,Barekese,Kumasi,Ashanti Region,Short Stay / Event Hosting,Nightly Stay,2024-02-12,2024,February,Q1,2024-Q1,False,1000.0,68.97,4.0,1000,Phase 4 – Stable Growth,0.65,Incremental price recovery with demand
BAR-B0367,Barekese,Kumasi,Ashanti Region,Short Stay / Event Hosting,Nightly Stay,2024-05-25,2024,May,Q2,2024-Q2,True,1300.0,89.66,5.0,1300,Phase 4 – Stable Growth,0.65,Incremental price recovery with demand
BAR-B0368,Barekese,Kumasi,Ashanti Region,Short Stay / Event Hosting,Nightly Stay,2024-04-22,2024,April,Q2,2024-Q2,False,1000.0,68.97,1.0,1000,Phase 4 – Stable Growth,0.65,Incremental price recovery with demand
BAR-B0369,Barekese,Kumasi,Ashanti Region,Short Stay / Event Hosting,Nightly Stay,2024-03-10,2024,March,Q1,2024-Q1,True,1300.0,89.66,2.0,1300,Phase 4 – Stable Growth,0.65,Incremental price recovery with demand
BAR-B0370,Barekese,Kumasi,Ashanti Region,Short Stay / Event Hosting,Nightly Stay,2024-05-06,2024,May,Q2,2024-Q2,False,1000.0,68.97,2.0,1000,Phase 4 – Stable Growth,0.65,Incremental price recovery with demand
BAR-B0371,Barekese,Kumasi,Ashanti Region,Short Stay / Event Hosting,Nightly Stay,2024-06-02,2024,June,Q2,2024-Q2,True,1300.0,89.66,1.0,1300,Phase 4 – Stable Growth,0.65,Incremental price recovery with demand
BAR-B0372,Barekese,Kumasi,Ashanti Region,Short Stay / Event Hosting,Nightly Stay,2024-04-20,2024,April,Q2,2024-Q2,True,1300.0,89.66,3.0,1300,Phase 4 – Stable Growth,0.65,Incremental price recovery with demand
BAR-B0373,Barekese,Kumasi,Ashanti Region,Short Stay / Event Hosting,Nightly Stay,2024-06-03,2024,June,Q2,2024-Q2,False,1000.0,68.97,1.0,1000,Phase 4 – Stable Growth,0.65,Incremental price recovery with demand
BAR-B0374,Barekese,Kumasi,Ashanti Region,Short Stay / Event Hosting,Nightly Stay,2024-02-28,2024,February,Q1,2024-Q1,False,1000.0,68.97,7.0,1000,Phase 4 – Stable Growth,0.65,Incremental price recovery with demand
BAR-B0375,Barekese,Kumasi,Ashanti Region,Short Stay / Event Hosting,Nightly Stay,2024-05-27,2024,May,Q2,2024-Q2,False,1000.0,68.97,3.0,1000,Phase 4 – Stable Growth,0.65,Incremental price recovery with demand
BAR-B0376,Barekese,Kumasi,Ashanti Region,Short Stay / Event Hosting,Nightly Stay,2024-01-06,2024,January,Q1,2024-Q1,True,1300.0,89.66,7.0,1300,Phase 4 – Stable Growth,0.65,Incremental price recovery with demand
BAR-B0377,Barekese,Kumasi,Ashanti Region,Short Stay / Event Hosting,Nightly Stay,2024-06-21,2024,June,Q2,2024-Q2,True,1300.0,89.66,4.0,1300,Phase 4 – Stable Growth,0.65,Incremental price recovery with demand
BAR-B0378,Barekese,Kumasi,Ashanti Region,Short Stay / Event Hosting,Nightly Stay,2024-01-11,2024,January,Q1,2024-Q1,False,1000.0,68.97,4.0,1000,Phase 4 – Stable Growth,0.65,Incremental price recovery with demand
BAR-B0379,Barekese,Kumasi,Ashanti Region,Short Stay / Event Hosting,Nightly Stay,2024-02-14,2024,February,Q1,2024-Q1,False,1000.0,68.97,2.0,1000,Phase 4 – Stable Growth,0.65,Incremental price recovery with demand
BAR-B0380,Barekese,Kumasi,Ashanti Region,Short Stay / Event Hosting,Nightly Stay,2024-06-15,2024,June,Q2,2024-Q2,True,1300.0,89.66,2.0,1300,Phase 4 – Stable Growth,0.65,Incremental price recovery with demand
BAR-B0381,Barekese,Kumasi,Ashanti Region,Short Stay / Event Hosting,Nightly Stay,2024-03-12,2024,March,Q1,2024-Q1,False,1000.0,68.97,1.0,1000,Phase 4 – Stable Growth,0.65,Incremental price recovery with demand
BAR-B0382,Barekese,Kumasi,Ashanti Region,Short Stay / Event Hosting,Nightly Stay,2024-05-29,2024,May,Q2,2024-Q2,False,1000.0,68.97,2.0,1000,Phase 4 – Stable Growth,0.65,Incremental price recovery with demand
BAR-B0383,Barekese,Kumasi,Ashanti Region,Short Stay / Event Hosting,Nightly Stay,2024-03-30,2024,March,Q1,2024-Q1,True,1300.0,89.66,2.0,1300,Phase 4 – Stable Growth,0.65,Incremental price recovery with demand
BAR-B0384,Barekese,Kumasi,Ashanti Region,Short Stay / Event Hosting,Nightly Stay,2024-03-23,2024,March,Q1,2024-Q1,True,1300.0,89.66,3.0,1300,Phase 4 – Stable Growth,0.65,Incremental price recovery with demand
BAR-B0385,Barekese,Kumasi,Ashanti Region,Short Stay / Event Hosting,Nightly Stay,2024-02-11,2024,February,Q1,2024-Q1,True,1300.0,89.66,2.0,1300,Phase 4 – Stable Growth,0.65,Incremental price recovery with demand
BAR-B0386,Barekese,Kumasi,Ashanti Region,Short Stay / Event Hosting,Nightly Stay,2024-06-26,2024,June,Q2,2024-Q2,False,1000.0,68.97,2.0,1000,Phase 4 – Stable Growth,0.65,Incremental price recovery with demand
BAR-B0387,Barekese,Kumasi,Ashanti Region,Short Stay / Event Hosting,Nightly Stay,2024-06-18,2024,June,Q2,2024-Q2,False,1000.0,68.97,5.0,1000,Phase 4 – Stable Growth,0.65,Incremental price recovery with demand
BAR-B0388,Barekese,Kumasi,Ashanti Region,Short Stay / Event Hosting,Nightly Stay,2024-01-10,2024,January,Q1,2024-Q1,False,1000.0,68.97,2.0,1000,Phase 4 – Stable Growth,0.65,Incremental price recovery with demand
BAR-B0389,Barekese,Kumasi,Ashanti Region,Short Stay / Event Hosting,Nightly Stay,2024-03-21,2024,March,Q1,2024-Q1,False,1000.0,68.97,1.0,1000,Phase 4 – Stable Growth,0.65,Incremental price recovery with demand
BAR-B0390,Barekese,Kumasi,Ashanti Region,Short Stay / Event Hosting,Nightly Stay,2024-01-30,2024,January,Q1,2024-Q1,False,1000.0,68.97,7.0,1000,Phase 4 – Stable Growth,0.65,Incremental price recovery with demand
BAR-B0391,Barekese,Kumasi,Ashanti Region,Short Stay / Event Hosting,Nightly Stay,2024-05-11,2024,May,Q2,2024-Q2,True,1300.0,89.66,4.0,1300,Phase 4 – Stable Growth,0.65,Incremental price recovery with demand
BAR-B0392,Barekese,Kumasi,Ashanti Region,Short Stay / Event Hosting,Nightly Stay,2024-01-01,2024,January,Q1,2024-Q1,False,1000.0,68.97,3.0,1000,Phase 4 – Stable Growth,0.65,Incremental price recovery with demand
BAR-B0393,Barekese,Kumasi,Ashanti Region,Short Stay / Event Hosting,Nightly Stay,2024-05-18,2024,May,Q2,2024-Q2,True,1300.0,89.66,2.0,1300,Phase 4 – Stable Growth,0.65,Incremental price recovery with demand
BAR-B0394,Barekese,Kumasi,Ashanti Region,Short Stay / Event Hosting,Nightly Stay,2024-02-18,2024,February,Q1,2024-Q1,True,1300.0,89.66,2.0,1300,Phase 4 – Stable Growth,0.65,Incremental price recovery with demand
BAR-B0395,Barekese,Kumasi,Ashanti Region,Short Stay / Event Hosting,Nightly Stay,2024-06-08,2024,June,Q2,2024-Q2,True,1300.0,89.66,4.0,1300,Phase 4 – Stable Growth,0.65,Incremental price recovery with demand
BAR-B0396,Barekese,Kumasi,Ashanti Region,Short Stay / Event Hosting,Nightly Stay,2024-02-22,2024,February,Q1,2024-Q1,False,1000.0,68.97,1.0,1000,Phase 4 – Stable Growth,0.65,Incremental price recovery with demand
BAR-B0397,Barekese,Kumasi,Ashanti Region,Short Stay / Event Hosting,Nightly Stay,2024-02-03,2024,February,Q1,2024-Q1,True,1300.0,89.66,5.0,1300,Phase 4 – Stable Growth,0.65,Incremental price recovery with demand
BAR-B0398,Barekese,Kumasi,Ashanti Region,Short Stay / Event Hosting,Nightly Stay,2024-06-27,2024,June,Q2,2024-Q2,False,1000.0,68.97,2.0,1000,Phase 4 – Stable Growth,0.65,Incremental price recovery with demand
BAR-B0399,Barekese,Kumasi,Ashanti Region,Short Stay / Event Hosting,Nightly Stay,2024-01-08,2024,January,Q1,2024-Q1,False,1000.0,68.97,7.0,1000,Phase 4 – Stable Growth,0.65,Incremental price recovery with demand
BAR-B0400,Barekese,Kumasi,Ashanti Region,Short Stay / Event Hosting,Nightly Stay,2024-06-04,2024,June,Q2,2024-Q2,False,1000.0,68.97,4.0,1000,Phase 4 – Stable Growth,0.65,Incremental price recovery with demand
BAR-B0401,Barekese,Kumasi,Ashanti Region,Short Stay / Event Hosting,Nightly Stay,2024-03-20,2024,March,Q1,2024-Q1,False,1000.0,68.97,3.0,1000,Phase 4 – Stable Growth,0.65,Incremental price recovery with demand
BAR-B0402,Barekese,Kumasi,Ashanti Region,Short Stay / Event Hosting,Nightly Stay,2024-02-27,2024,February,Q1,2024-Q1,False,1000.0,68.97,7.0,1000,Phase 4 – Stable Growth,0.65,Incremental price recovery with demand
BAR-B0403,Barekese,Kumasi,Ashanti Region,Short Stay / Event Hosting,Nightly Stay,2024-04-28,2024,April,Q2,2024-Q2,True,1300.0,89.66,5.0,1300,Phase 4 – Stable Growth,0.65,Incremental price recovery with demand
BAR-B0404,Barekese,Kumasi,Ashanti Region,Short Stay / Event Hosting,Nightly Stay,2024-02-09,2024,February,Q1,2024-Q1,True,1300.0,89.66,2.0,1300,Phase 4 – Stable Growth,0.65,Incremental price recovery with demand
BAR-B0405,Barekese,Kumasi,Ashanti Region,Short Stay / Event Hosting,Nightly Stay,2024-05-10,2024,May,Q2,2024-Q2,True,1300.0,89.66,3.0,1300,Phase 4 – Stable Growth,0.65,Incremental price recovery with demand
BAR-B0406,Barekese,Kumasi,Ashanti Region,Short Stay / Event Hosting,Nightly Stay,2024-05-03,2024,May,Q2,2024-Q2,True,1300.0,89.66,7.0,1300,Phase 4 – Stable Growth,0.65,Incremental price recovery with demand
BAR-B0407,Barekese,Kumasi,Ashanti Region,Short Stay / Event Hosting,Nightly Stay,2024-03-03,2024,March,Q1,2024-Q1,True,1300.0,89.66,2.0,1300,Phase 4 – Stable Growth,0.65,Incremental price recovery with demand
BAR-B0408,Barekese,Kumasi,Ashanti Region,Short Stay / Event Hosting,Nightly Stay,2024-02-07,2024,February,Q1,2024-Q1,False,1000.0,68.97,2.0,1000,Phase 4 – Stable Growth,0.65,Incremental price recovery with demand
BAR-B0409,Barekese,Kumasi,Ashanti Region,Short Stay / Event Hosting,Nightly Stay,2024-02-04,2024,February,Q1,2024-Q1,True,1300.0,89.66,5.0,1300,Phase 4 – Stable Growth,0.65,Incremental price recovery with demand
BAR-B0410,Barekese,Kumasi,Ashanti Region,Short Stay / Event Hosting,Nightly Stay,2024-05-09,2024,May,Q2,2024-Q2,False,1000.0,68.97,1.0,1000,Phase 4 – Stable Growth,0.65,Incremental price recovery with demand
BAR-B0411,Barekese,Kumasi,Ashanti Region,Short Stay / Event Hosting,Nightly Stay,2024-03-13,2024,March,Q1,2024-Q1,False,1000.0,68.97,3.0,1000,Phase 4 – Stable Growth,0.65,Incremental price recovery with demand
BAR-B0412,Barekese,Kumasi,Ashanti Region,Short Stay / Event Hosting,Nightly Stay,2024-05-28,2024,May,Q2,2024-Q2,False,1000.0,68.97,7.0,1000,Phase 4 – Stable Growth,0.65,Incremental price recovery with demand
BAR-B0413,Barekese,Kumasi,Ashanti Region,Short Stay / Event Hosting,Nightly Stay,2024-03-29,2024,March,Q1,2024-Q1,True,1300.0,89.66,2.0,1300,Phase 4 – Stable Growth,0.65,Incremental price recovery with demand
BAR-B0414,Barekese,Kumasi,Ashanti Region,Short Stay / Event Hosting,Nightly Stay,2024-04-06,2024,April,Q2,2024-Q2,True,1300.0,89.66,2.0,1300,Phase 4 – Stable Growth,0.65,Incremental price recovery with demand
BAR-B0415,Barekese,Kumasi,Ashanti Region,Short Stay / Event Hosting,Nightly Stay,2024-05-26,2024,May,Q2,2024-Q2,True,1300.0,89.66,2.0,1300,Phase 4 – Stable Growth,0.65,Incremental price recovery with demand
BAR-B0416,Barekese,Kumasi,Ashanti Region,Short Stay / Event Hosting,Nightly Stay,2024-04-15,2024,April,Q2,2024-Q2,False,1000.0,68.97,1.0,1000,Phase 4 – Stable Growth,0.65,Incremental price recovery with demand
BAR-B0417,Barekese,Kumasi,Ashanti Region,Short Stay / Event Hosting,Nightly Stay,2024-05-01,2024,May,Q2,2024-Q2,False,1000.0,68.97,3.0,1000,Phase 4 – Stable Growth,0.65,Incremental price recovery with demand
BAR-B0418,Barekese,Kumasi,Ashanti Region,Short Stay / Event Hosting,Nightly Stay,2024-04-07,2024,April,Q2,2024-Q2,True,1300.0,89.66,2.0,1300,Phase 4 – Stable Growth,0.65,Incremental price recovery with demand
BAR-B0419,Barekese,Kumasi,Ashanti Region,Short Stay / Event Hosting,Nightly Stay,2024-05-08,2024,May,Q2,2024-Q2,False,1000.0,68.97,7.0,1000,Phase 4 – Stable Growth,0.65,Incremental price recovery with demand
BAR-B0420,Barekese,Kumasi,Ashanti Region,Short Stay / Event Hosting,Nightly Stay,2024-03-25,2024,March,Q1,2024-Q1,False,1000.0,68.97,5.0,1000,Phase 4 – Stable Growth,0.65,Incremental price recovery with demand
BAR-E0421,Barekese,Kumasi,Ashanti Region,Short Stay / Event Hosting,Event Hosting,2024-04-22,2024,April,Q2,2024-Q2,False,,,,3500,Phase 4 – Stable Growth,0.65,Incremental price recovery with demand
BUO-B0001,Buokrom,Kumasi,Ashanti Region,AirBnB / Short Let,Nightly Stay,2023-01-13,2023,January,Q1,2023-Q1,True,1400.0,112.0,2.0,1400,Phase 1 – Launch (Overpriced),0.15,Very few bookings – price above market
BUO-B0002,Buokrom,Kumasi,Ashanti Region,AirBnB / Short Let,Nightly Stay,2023-02-28,2023,February,Q1,2023-Q1,False,1100.0,88.0,1.0,1100,Phase 1 – Launch (Overpriced),0.15,Very few bookings – price above market
BUO-B0003,Buokrom,Kumasi,Ashanti Region,AirBnB / Short Let,Nightly Stay,2023-01-19,2023,January,Q1,2023-Q1,False,1100.0,88.0,2.0,1100,Phase 1 – Launch (Overpriced),0.15,Very few bookings – price above market
BUO-B0004,Buokrom,Kumasi,Ashanti Region,AirBnB / Short Let,Nightly Stay,2023-03-25,2023,March,Q1,2023-Q1,True,1400.0,112.0,7.0,1400,Phase 1 – Launch (Overpriced),0.15,Very few bookings – price above market
BUO-B0005,Buokrom,Kumasi,Ashanti Region,AirBnB / Short Let,Nightly Stay,2023-01-10,2023,January,Q1,2023-Q1,False,1100.0,88.0,2.0,1100,Phase 1 – Launch (Overpriced),0.15,Very few bookings – price above market
BUO-B0006,Buokrom,Kumasi,Ashanti Region,AirBnB / Short Let,Nightly Stay,2023-02-03,2023,February,Q1,2023-Q1,True,1400.0,112.0,2.0,1400,Phase 1 – Launch (Overpriced),0.15,Very few bookings – price above market
BUO-B0007,Buokrom,Kumasi,Ashanti Region,AirBnB / Short Let,Nightly Stay,2023-03-30,2023,March,Q1,2023-Q1,False,1100.0,88.0,2.0,1100,Phase 1 – Launch (Overpriced),0.15,Very few bookings – price above market
BUO-B0008,Buokrom,Kumasi,Ashanti Region,AirBnB / Short Let,Nightly Stay,2023-01-11,2023,January,Q1,2023-Q1,False,1100.0,88.0,5.0,1100,Phase 1 – Launch (Overpriced),0.15,Very few bookings – price above market
BUO-B0009,Buokrom,Kumasi,Ashanti Region,AirBnB / Short Let,Nightly Stay,2023-04-20,2023,April,Q2,2023-Q2,False,1100.0,88.0,3.0,1100,Phase 1 – Launch (Overpriced),0.15,Very few bookings – price above market
BUO-B0010,Buokrom,Kumasi,Ashanti Region,AirBnB / Short Let,Nightly Stay,2023-03-10,2023,March,Q1,2023-Q1,True,1400.0,112.0,2.0,1400,Phase 1 – Launch (Overpriced),0.15,Very few bookings – price above market
BUO-B0011,Buokrom,Kumasi,Ashanti Region,AirBnB / Short Let,Nightly Stay,2023-02-10,2023,February,Q1,2023-Q1,True,1400.0,112.0,3.0,1400,Phase 1 – Launch (Overpriced),0.15,Very few bookings – price above market
BUO-B0012,Buokrom,Kumasi,Ashanti Region,AirBnB / Short Let,Nightly Stay,2023-04-24,2023,April,Q2,2023-Q2,False,1100.0,88.0,4.0,1100,Phase 1 – Launch (Overpriced),0.15,Very few bookings – price above market
BUO-B0013,Buokrom,Kumasi,Ashanti Region,AirBnB / Short Let,Nightly Stay,2023-04-22,2023,April,Q2,2023-Q2,True,1400.0,112.0,2.0,1400,Phase 1 – Launch (Overpriced),0.15,Very few bookings – price above market
BUO-B0014,Buokrom,Kumasi,Ashanti Region,AirBnB / Short Let,Nightly Stay,2023-03-21,2023,March,Q1,2023-Q1,False,1100.0,88.0,1.0,1100,Phase 1 – Launch (Overpriced),0.15,Very few bookings – price above market
BUO-B0015,Buokrom,Kumasi,Ashanti Region,AirBnB / Short Let,Nightly Stay,2023-03-22,2023,March,Q1,2023-Q1,False,1100.0,88.0,3.0,1100,Phase 1 – Launch (Overpriced),0.15,Very few bookings – price above market
BUO-B0016,Buokrom,Kumasi,Ashanti Region,AirBnB / Short Let,Nightly Stay,2023-02-06,2023,February,Q1,2023-Q1,False,1100.0,88.0,7.0,1100,Phase 1 – Launch (Overpriced),0.15,Very few bookings – price above market
BUO-B0017,Buokrom,Kumasi,Ashanti Region,AirBnB / Short Let,Nightly Stay,2023-04-06,2023,April,Q2,2023-Q2,False,1100.0,88.0,1.0,1100,Phase 1 – Launch (Overpriced),0.15,Very few bookings – price above market
BUO-B0018,Buokrom,Kumasi,Ashanti Region,AirBnB / Short Let,Nightly Stay,2023-05-26,2023,May,Q2,2023-Q2,True,950.0,76.0,4.0,950,Phase 2 – Market Research Adjustment,0.42,Competitive pricing benchmarked to local AirBnBs
BUO-B0019,Buokrom,Kumasi,Ashanti Region,AirBnB / Short Let,Nightly Stay,2023-08-22,2023,August,Q3,2023-Q3,False,750.0,60.0,1.0,750,Phase 2 – Market Research Adjustment,0.42,Competitive pricing benchmarked to local AirBnBs
BUO-B0020,Buokrom,Kumasi,Ashanti Region,AirBnB / Short Let,Nightly Stay,2023-07-16,2023,July,Q3,2023-Q3,True,950.0,76.0,5.0,950,Phase 2 – Market Research Adjustment,0.42,Competitive pricing benchmarked to local AirBnBs
BUO-B0021,Buokrom,Kumasi,Ashanti Region,AirBnB / Short Let,Nightly Stay,2023-05-12,2023,May,Q2,2023-Q2,True,950.0,76.0,2.0,950,Phase 2 – Market Research Adjustment,0.42,Competitive pricing benchmarked to local AirBnBs
BUO-B0022,Buokrom,Kumasi,Ashanti Region,AirBnB / Short Let,Nightly Stay,2023-05-15,2023,May,Q2,2023-Q2,False,750.0,60.0,1.0,750,Phase 2 – Market Research Adjustment,0.42,Competitive pricing benchmarked to local AirBnBs
BUO-B0023,Buokrom,Kumasi,Ashanti Region,AirBnB / Short Let,Nightly Stay,2023-08-04,2023,August,Q3,2023-Q3,True,950.0,76.0,2.0,950,Phase 2 – Market Research Adjustment,0.42,Competitive pricing benchmarked to local AirBnBs
BUO-B0024,Buokrom,Kumasi,Ashanti Region,AirBnB / Short Let,Nightly Stay,2023-07-02,2023,July,Q3,2023-Q3,True,950.0,76.0,2.0,950,Phase 2 – Market Research Adjustment,0.42,Competitive pricing benchmarked to local AirBnBs
BUO-B0025,Buokrom,Kumasi,Ashanti Region,AirBnB / Short Let,Nightly Stay,2023-09-22,2023,September,Q3,2023-Q3,True,950.0,76.0,3.0,950,Phase 2 – Market Research Adjustment,0.42,Competitive pricing benchmarked to local AirBnBs
BUO-B0026,Buokrom,Kumasi,Ashanti Region,AirBnB / Short Let,Nightly Stay,2023-06-16,2023,June,Q2,2023-Q2,True,950.0,76.0,1.0,950,Phase 2 – Market Research Adjustment,0.42,Competitive pricing benchmarked to local AirBnBs
BUO-B0027,Buokrom,Kumasi,Ashanti Region,AirBnB / Short Let,Nightly Stay,2023-05-21,2023,May,Q2,2023-Q2,True,950.0,76.0,3.0,950,Phase 2 – Market Research Adjustment,0.42,Competitive pricing benchmarked to local AirBnBs
BUO-B0028,Buokrom,Kumasi,Ashanti Region,AirBnB / Short Let,Nightly Stay,2023-08-06,2023,August,Q3,2023-Q3,True,950.0,76.0,3.0,950,Phase 2 – Market Research Adjustment,0.42,Competitive pricing benchmarked to local AirBnBs
BUO-B0029,Buokrom,Kumasi,Ashanti Region,AirBnB / Short Let,Nightly Stay,2023-07-01,2023,July,Q3,2023-Q3,True,950.0,76.0,2.0,950,Phase 2 – Market Research Adjustment,0.42,Competitive pricing benchmarked to local AirBnBs
BUO-B0030,Buokrom,Kumasi,Ashanti Region,AirBnB / Short Let,Nightly Stay,2023-09-27,2023,September,Q3,2023-Q3,False,750.0,60.0,1.0,750,Phase 2 – Market Research Adjustment,0.42,Competitive pricing benchmarked to local AirBnBs
BUO-B0031,Buokrom,Kumasi,Ashanti Region,AirBnB / Short Let,Nightly Stay,2023-08-27,2023,August,Q3,2023-Q3,True,950.0,76.0,3.0,950,Phase 2 – Market Research Adjustment,0.42,Competitive pricing benchmarked to local AirBnBs
BUO-B0032,Buokrom,Kumasi,Ashanti Region,AirBnB / Short Let,Nightly Stay,2023-08-26,2023,August,Q3,2023-Q3,True,950.0,76.0,1.0,950,Phase 2 – Market Research Adjustment,0.42,Competitive pricing benchmarked to local AirBnBs
BUO-B0033,Buokrom,Kumasi,Ashanti Region,AirBnB / Short Let,Nightly Stay,2023-05-03,2023,May,Q2,2023-Q2,False,750.0,60.0,5.0,750,Phase 2 – Market Research Adjustment,0.42,Competitive pricing benchmarked to local AirBnBs
BUO-B0034,Buokrom,Kumasi,Ashanti Region,AirBnB / Short Let,Nightly Stay,2023-08-28,2023,August,Q3,2023-Q3,False,750.0,60.0,5.0,750,Phase 2 – Market Research Adjustment,0.42,Competitive pricing benchmarked to local AirBnBs
BUO-B0035,Buokrom,Kumasi,Ashanti Region,AirBnB / Short Let,Nightly Stay,2023-09-17,2023,September,Q3,2023-Q3,True,950.0,76.0,1.0,950,Phase 2 – Market Research Adjustment,0.42,Competitive pricing benchmarked to local AirBnBs
BUO-B0036,Buokrom,Kumasi,Ashanti Region,AirBnB / Short Let,Nightly Stay,2023-07-28,2023,July,Q3,2023-Q3,True,950.0,76.0,7.0,950,Phase 2 – Market Research Adjustment,0.42,Competitive pricing benchmarked to local AirBnBs
BUO-B0037,Buokrom,Kumasi,Ashanti Region,AirBnB / Short Let,Nightly Stay,2023-08-17,2023,August,Q3,2023-Q3,False,750.0,60.0,3.0,750,Phase 2 – Market Research Adjustment,0.42,Competitive pricing benchmarked to local AirBnBs
BUO-B0038,Buokrom,Kumasi,Ashanti Region,AirBnB / Short Let,Nightly Stay,2023-08-25,2023,August,Q3,2023-Q3,True,950.0,76.0,4.0,950,Phase 2 – Market Research Adjustment,0.42,Competitive pricing benchmarked to local AirBnBs
BUO-B0039,Buokrom,Kumasi,Ashanti Region,AirBnB / Short Let,Nightly Stay,2023-06-20,2023,June,Q2,2023-Q2,False,750.0,60.0,7.0,750,Phase 2 – Market Research Adjustment,0.42,Competitive pricing benchmarked to local AirBnBs
BUO-B0040,Buokrom,Kumasi,Ashanti Region,AirBnB / Short Let,Nightly Stay,2023-09-01,2023,September,Q3,2023-Q3,True,950.0,76.0,1.0,950,Phase 2 – Market Research Adjustment,0.42,Competitive pricing benchmarked to local AirBnBs
BUO-B0041,Buokrom,Kumasi,Ashanti Region,AirBnB / Short Let,Nightly Stay,2023-09-24,2023,September,Q3,2023-Q3,True,950.0,76.0,2.0,950,Phase 2 – Market Research Adjustment,0.42,Competitive pricing benchmarked to local AirBnBs
BUO-B0042,Buokrom,Kumasi,Ashanti Region,AirBnB / Short Let,Nightly Stay,2023-07-15,2023,July,Q3,2023-Q3,True,950.0,76.0,7.0,950,Phase 2 – Market Research Adjustment,0.42,Competitive pricing benchmarked to local AirBnBs
BUO-B0043,Buokrom,Kumasi,Ashanti Region,AirBnB / Short Let,Nightly Stay,2023-05-06,2023,May,Q2,2023-Q2,True,950.0,76.0,7.0,950,Phase 2 – Market Research Adjustment,0.42,Competitive pricing benchmarked to local AirBnBs
BUO-B0044,Buokrom,Kumasi,Ashanti Region,AirBnB / Short Let,Nightly Stay,2023-08-10,2023,August,Q3,2023-Q3,False,750.0,60.0,1.0,750,Phase 2 – Market Research Adjustment,0.42,Competitive pricing benchmarked to local AirBnBs
BUO-B0045,Buokrom,Kumasi,Ashanti Region,AirBnB / Short Let,Nightly Stay,2023-05-13,2023,May,Q2,2023-Q2,True,950.0,76.0,5.0,950,Phase 2 – Market Research Adjustment,0.42,Competitive pricing benchmarked to local AirBnBs
BUO-B0046,Buokrom,Kumasi,Ashanti Region,AirBnB / Short Let,Nightly Stay,2023-09-05,2023,September,Q3,2023-Q3,False,750.0,60.0,4.0,750,Phase 2 – Market Research Adjustment,0.42,Competitive pricing benchmarked to local AirBnBs
BUO-B0047,Buokrom,Kumasi,Ashanti Region,AirBnB / Short Let,Nightly Stay,2023-07-13,2023,July,Q3,2023-Q3,False,750.0,60.0,4.0,750,Phase 2 – Market Research Adjustment,0.42,Competitive pricing benchmarked to local AirBnBs
BUO-B0048,Buokrom,Kumasi,Ashanti Region,AirBnB / Short Let,Nightly Stay,2023-06-28,2023,June,Q2,2023-Q2,False,750.0,60.0,3.0,750,Phase 2 – Market Research Adjustment,0.42,Competitive pricing benchmarked to local AirBnBs
BUO-B0049,Buokrom,Kumasi,Ashanti Region,AirBnB / Short Let,Nightly Stay,2023-07-30,2023,July,Q3,2023-Q3,True,950.0,76.0,1.0,950,Phase 2 – Market Research Adjustment,0.42,Competitive pricing benchmarked to local AirBnBs
BUO-B0050,Buokrom,Kumasi,Ashanti Region,AirBnB / Short Let,Nightly Stay,2023-06-18,2023,June,Q2,2023-Q2,True,950.0,76.0,3.0,950,Phase 2 – Market Research Adjustment,0.42,Competitive pricing benchmarked to local AirBnBs
BUO-B0051,Buokrom,Kumasi,Ashanti Region,AirBnB / Short Let,Nightly Stay,2023-06-05,2023,June,Q2,2023-Q2,False,750.0,60.0,3.0,750,Phase 2 – Market Research Adjustment,0.42,Competitive pricing benchmarked to local AirBnBs
BUO-B0052,Buokrom,Kumasi,Ashanti Region,AirBnB / Short Let,Nightly Stay,2023-05-11,2023,May,Q2,2023-Q2,False,750.0,60.0,2.0,750,Phase 2 – Market Research Adjustment,0.42,Competitive pricing benchmarked to local AirBnBs
BUO-B0053,Buokrom,Kumasi,Ashanti Region,AirBnB / Short Let,Nightly Stay,2023-08-21,2023,August,Q3,2023-Q3,False,750.0,60.0,1.0,750,Phase 2 – Market Research Adjustment,0.42,Competitive pricing benchmarked to local AirBnBs
BUO-B0054,Buokrom,Kumasi,Ashanti Region,AirBnB / Short Let,Nightly Stay,2023-08-02,2023,August,Q3,2023-Q3,False,750.0,60.0,3.0,750,Phase 2 – Market Research Adjustment,0.42,Competitive pricing benchmarked to local AirBnBs
BUO-B0055,Buokrom,Kumasi,Ashanti Region,AirBnB / Short Let,Nightly Stay,2023-05-24,2023,May,Q2,2023-Q2,False,750.0,60.0,5.0,750,Phase 2 – Market Research Adjustment,0.42,Competitive pricing benchmarked to local AirBnBs
BUO-B0056,Buokrom,Kumasi,Ashanti Region,AirBnB / Short Let,Nightly Stay,2023-07-23,2023,July,Q3,2023-Q3,True,950.0,76.0,3.0,950,Phase 2 – Market Research Adjustment,0.42,Competitive pricing benchmarked to local AirBnBs
BUO-B0057,Buokrom,Kumasi,Ashanti Region,AirBnB / Short Let,Nightly Stay,2023-06-14,2023,June,Q2,2023-Q2,False,750.0,60.0,1.0,750,Phase 2 – Market Research Adjustment,0.42,Competitive pricing benchmarked to local AirBnBs
BUO-B0058,Buokrom,Kumasi,Ashanti Region,AirBnB / Short Let,Nightly Stay,2023-09-16,2023,September,Q3,2023-Q3,True,950.0,76.0,5.0,950,Phase 2 – Market Research Adjustment,0.42,Competitive pricing benchmarked to local AirBnBs
BUO-B0059,Buokrom,Kumasi,Ashanti Region,AirBnB / Short Let,Nightly Stay,2023-09-13,2023,September,Q3,2023-Q3,False,750.0,60.0,2.0,750,Phase 2 – Market Research Adjustment,0.42,Competitive pricing benchmarked to local AirBnBs
BUO-B0060,Buokrom,Kumasi,Ashanti Region,AirBnB / Short Let,Nightly Stay,2023-07-09,2023,July,Q3,2023-Q3,True,950.0,76.0,4.0,950,Phase 2 – Market Research Adjustment,0.42,Competitive pricing benchmarked to local AirBnBs
BUO-B0061,Buokrom,Kumasi,Ashanti Region,AirBnB / Short Let,Nightly Stay,2023-07-05,2023,July,Q3,2023-Q3,False,750.0,60.0,5.0,750,Phase 2 – Market Research Adjustment,0.42,Competitive pricing benchmarked to local AirBnBs
BUO-B0062,Buokrom,Kumasi,Ashanti Region,AirBnB / Short Let,Nightly Stay,2023-07-26,2023,July,Q3,2023-Q3,False,750.0,60.0,4.0,750,Phase 2 – Market Research Adjustment,0.42,Competitive pricing benchmarked to local AirBnBs
BUO-B0063,Buokrom,Kumasi,Ashanti Region,AirBnB / Short Let,Nightly Stay,2023-05-20,2023,May,Q2,2023-Q2,True,950.0,76.0,1.0,950,Phase 2 – Market Research Adjustment,0.42,Competitive pricing benchmarked to local AirBnBs
BUO-B0064,Buokrom,Kumasi,Ashanti Region,AirBnB / Short Let,Nightly Stay,2023-06-27,2023,June,Q2,2023-Q2,False,750.0,60.0,5.0,750,Phase 2 – Market Research Adjustment,0.42,Competitive pricing benchmarked to local AirBnBs
BUO-B0065,Buokrom,Kumasi,Ashanti Region,AirBnB / Short Let,Nightly Stay,2023-09-20,2023,September,Q3,2023-Q3,False,750.0,60.0,2.0,750,Phase 2 – Market Research Adjustment,0.42,Competitive pricing benchmarked to local AirBnBs
BUO-B0066,Buokrom,Kumasi,Ashanti Region,AirBnB / Short Let,Nightly Stay,2023-05-04,2023,May,Q2,2023-Q2,False,750.0,60.0,1.0,750,Phase 2 – Market Research Adjustment,0.42,Competitive pricing benchmarked to local AirBnBs
BUO-B0067,Buokrom,Kumasi,Ashanti Region,AirBnB / Short Let,Nightly Stay,2023-06-01,2023,June,Q2,2023-Q2,False,750.0,60.0,2.0,750,Phase 2 – Market Research Adjustment,0.42,Competitive pricing benchmarked to local AirBnBs
BUO-B0068,Buokrom,Kumasi,Ashanti Region,AirBnB / Short Let,Nightly Stay,2023-07-07,2023,July,Q3,2023-Q3,True,950.0,76.0,3.0,950,Phase 2 – Market Research Adjustment,0.42,Competitive pricing benchmarked to local AirBnBs
BUO-B0069,Buokrom,Kumasi,Ashanti Region,AirBnB / Short Let,Nightly Stay,2023-05-28,2023,May,Q2,2023-Q2,True,950.0,76.0,3.0,950,Phase 2 – Market Research Adjustment,0.42,Competitive pricing benchmarked to local AirBnBs
BUO-B0070,Buokrom,Kumasi,Ashanti Region,AirBnB / Short Let,Nightly Stay,2023-08-29,2023,August,Q3,2023-Q3,False,750.0,60.0,1.0,750,Phase 2 – Market Research Adjustment,0.42,Competitive pricing benchmarked to local AirBnBs
BUO-B0071,Buokrom,Kumasi,Ashanti Region,AirBnB / Short Let,Nightly Stay,2023-09-21,2023,September,Q3,2023-Q3,False,750.0,60.0,2.0,750,Phase 2 – Market Research Adjustment,0.42,Competitive pricing benchmarked to local AirBnBs
BUO-B0072,Buokrom,Kumasi,Ashanti Region,AirBnB / Short Let,Nightly Stay,2023-06-26,2023,June,Q2,2023-Q2,False,750.0,60.0,3.0,750,Phase 2 – Market Research Adjustment,0.42,Competitive pricing benchmarked to local AirBnBs
BUO-B0073,Buokrom,Kumasi,Ashanti Region,AirBnB / Short Let,Nightly Stay,2023-07-17,2023,July,Q3,2023-Q3,False,750.0,60.0,3.0,750,Phase 2 – Market Research Adjustment,0.42,Competitive pricing benchmarked to local AirBnBs
BUO-B0074,Buokrom,Kumasi,Ashanti Region,AirBnB / Short Let,Nightly Stay,2023-05-30,2023,May,Q2,2023-Q2,False,750.0,60.0,1.0,750,Phase 2 – Market Research Adjustment,0.42,Competitive pricing benchmarked to local AirBnBs
BUO-B0075,Buokrom,Kumasi,Ashanti Region,AirBnB / Short Let,Nightly Stay,2023-05-10,2023,May,Q2,2023-Q2,False,750.0,60.0,2.0,750,Phase 2 – Market Research Adjustment,0.42,Competitive pricing benchmarked to local AirBnBs
BUO-B0076,Buokrom,Kumasi,Ashanti Region,AirBnB / Short Let,Nightly Stay,2023-09-04,2023,September,Q3,2023-Q3,False,750.0,60.0,1.0,750,Phase 2 – Market Research Adjustment,0.42,Competitive pricing benchmarked to local AirBnBs
BUO-B0077,Buokrom,Kumasi,Ashanti Region,AirBnB / Short Let,Nightly Stay,2023-06-30,2023,June,Q2,2023-Q2,True,950.0,76.0,5.0,950,Phase 2 – Market Research Adjustment,0.42,Competitive pricing benchmarked to local AirBnBs
BUO-B0078,Buokrom,Kumasi,Ashanti Region,AirBnB / Short Let,Nightly Stay,2023-06-04,2023,June,Q2,2023-Q2,True,950.0,76.0,2.0,950,Phase 2 – Market Research Adjustment,0.42,Competitive pricing benchmarked to local AirBnBs
BUO-B0079,Buokrom,Kumasi,Ashanti Region,AirBnB / Short Let,Nightly Stay,2023-08-03,2023,August,Q3,2023-Q3,False,750.0,60.0,3.0,750,Phase 2 – Market Research Adjustment,0.42,Competitive pricing benchmarked to local AirBnBs
BUO-B0080,Buokrom,Kumasi,Ashanti Region,AirBnB / Short Let,Nightly Stay,2023-08-16,2023,August,Q3,2023-Q3,False,750.0,60.0,3.0,750,Phase 2 – Market Research Adjustment,0.42,Competitive pricing benchmarked to local AirBnBs
BUO-B0081,Buokrom,Kumasi,Ashanti Region,AirBnB / Short Let,Nightly Stay,2023-12-19,2023,December,Q4,2023-Q4,False,800.0,64.0,5.0,800,Phase 3 – Optimised,0.61,Strong consistent bookings
BUO-B0082,Buokrom,Kumasi,Ashanti Region,AirBnB / Short Let,Nightly Stay,2023-11-20,2023,November,Q4,2023-Q4,False,800.0,64.0,4.0,800,Phase 3 – Optimised,0.61,Strong consistent bookings
BUO-B0083,Buokrom,Kumasi,Ashanti Region,AirBnB / Short Let,Nightly Stay,2024-04-26,2024,April,Q2,2024-Q2,True,1000.0,68.97,5.0,1000,Phase 3 – Optimised,0.61,Strong consistent bookings
BUO-B0084,Buokrom,Kumasi,Ashanti Region,AirBnB / Short Let,Nightly Stay,2024-02-21,2024,February,Q1,2024-Q1,False,800.0,55.17,1.0,800,Phase 3 – Optimised,0.61,Strong consistent bookings
BUO-B0085,Buokrom,Kumasi,Ashanti Region,AirBnB / Short Let,Nightly Stay,2024-04-07,2024,April,Q2,2024-Q2,True,1000.0,68.97,1.0,1000,Phase 3 – Optimised,0.61,Strong consistent bookings
BUO-B0086,Buokrom,Kumasi,Ashanti Region,AirBnB / Short Let,Nightly Stay,2024-05-15,2024,May,Q2,2024-Q2,False,800.0,55.17,7.0,800,Phase 3 – Optimised,0.61,Strong consistent bookings
BUO-B0087,Buokrom,Kumasi,Ashanti Region,AirBnB / Short Let,Nightly Stay,2024-04-03,2024,April,Q2,2024-Q2,False,800.0,55.17,1.0,800,Phase 3 – Optimised,0.61,Strong consistent bookings
BUO-B0088,Buokrom,Kumasi,Ashanti Region,AirBnB / Short Let,Nightly Stay,2024-04-06,2024,April,Q2,2024-Q2,True,1000.0,68.97,2.0,1000,Phase 3 – Optimised,0.61,Strong consistent bookings
BUO-B0089,Buokrom,Kumasi,Ashanti Region,AirBnB / Short Let,Nightly Stay,2024-04-01,2024,April,Q2,2024-Q2,False,800.0,55.17,1.0,800,Phase 3 – Optimised,0.61,Strong consistent bookings
BUO-B0090,Buokrom,Kumasi,Ashanti Region,AirBnB / Short Let,Nightly Stay,2024-02-19,2024,February,Q1,2024-Q1,False,800.0,55.17,1.0,800,Phase 3 – Optimised,0.61,Strong consistent bookings
BUO-B0091,Buokrom,Kumasi,Ashanti Region,AirBnB / Short Let,Nightly Stay,2023-12-02,2023,December,Q4,2023-Q4,True,1000.0,80.0,5.0,1000,Phase 3 – Optimised,0.61,Strong consistent bookings
BUO-B0092,Buokrom,Kumasi,Ashanti Region,AirBnB / Short Let,Nightly Stay,2024-05-20,2024,May,Q2,2024-Q2,False,800.0,55.17,1.0,800,Phase 3 – Optimised,0.61,Strong consistent bookings
BUO-B0093,Buokrom,Kumasi,Ashanti Region,AirBnB / Short Let,Nightly Stay,2024-01-17,2024,January,Q1,2024-Q1,False,800.0,55.17,3.0,800,Phase 3 – Optimised,0.61,Strong consistent bookings
BUO-B0094,Buokrom,Kumasi,Ashanti Region,AirBnB / Short Let,Nightly Stay,2023-10-11,2023,October,Q4,2023-Q4,False,800.0,64.0,1.0,800,Phase 3 – Optimised,0.61,Strong consistent bookings
BUO-B0095,Buokrom,Kumasi,Ashanti Region,AirBnB / Short Let,Nightly Stay,2024-03-19,2024,March,Q1,2024-Q1,False,800.0,55.17,1.0,800,Phase 3 – Optimised,0.61,Strong consistent bookings
BUO-B0096,Buokrom,Kumasi,Ashanti Region,AirBnB / Short Let,Nightly Stay,2023-12-04,2023,December,Q4,2023-Q4,False,800.0,64.0,4.0,800,Phase 3 – Optimised,0.61,Strong consistent bookings
BUO-B0097,Buokrom,Kumasi,Ashanti Region,AirBnB / Short Let,Nightly Stay,2024-01-14,2024,January,Q1,2024-Q1,True,1000.0,68.97,1.0,1000,Phase 3 – Optimised,0.61,Strong consistent bookings
BUO-B0098,Buokrom,Kumasi,Ashanti Region,AirBnB / Short Let,Nightly Stay,2024-01-15,2024,January,Q1,2024-Q1,False,800.0,55.17,3.0,800,Phase 3 – Optimised,0.61,Strong consistent bookings
BUO-B0099,Buokrom,Kumasi,Ashanti Region,AirBnB / Short Let,Nightly Stay,2024-01-28,2024,January,Q1,2024-Q1,True,1000.0,68.97,2.0,1000,Phase 3 – Optimised,0.61,Strong consistent bookings
BUO-B0100,Buokrom,Kumasi,Ashanti Region,AirBnB / Short Let,Nightly Stay,2023-12-15,2023,December,Q4,2023-Q4,True,1000.0,80.0,4.0,1000,Phase 3 – Optimised,0.61,Strong consistent bookings
BUO-B0101,Buokrom,Kumasi,Ashanti Region,AirBnB / Short Let,Nightly Stay,2023-10-02,2023,October,Q4,2023-Q4,False,800.0,64.0,1.0,800,Phase 3 – Optimised,0.61,Strong consistent bookings
BUO-B0102,Buokrom,Kumasi,Ashanti Region,AirBnB / Short Let,Nightly Stay,2023-12-14,2023,December,Q4,2023-Q4,False,800.0,64.0,7.0,800,Phase 3 – Optimised,0.61,Strong consistent bookings
BUO-B0103,Buokrom,Kumasi,Ashanti Region,AirBnB / Short Let,Nightly Stay,2024-02-06,2024,February,Q1,2024-Q1,False,800.0,55.17,4.0,800,Phase 3 – Optimised,0.61,Strong consistent bookings
BUO-B0104,Buokrom,Kumasi,Ashanti Region,AirBnB / Short Let,Nightly Stay,2023-11-26,2023,November,Q4,2023-Q4,True,1000.0,80.0,3.0,1000,Phase 3 – Optimised,0.61,Strong consistent bookings
BUO-B0105,Buokrom,Kumasi,Ashanti Region,AirBnB / Short Let,Nightly Stay,2023-10-14,2023,October,Q4,2023-Q4,True,1000.0,80.0,1.0,1000,Phase 3 – Optimised,0.61,Strong consistent bookings
BUO-B0106,Buokrom,Kumasi,Ashanti Region,AirBnB / Short Let,Nightly Stay,2024-01-30,2024,January,Q1,2024-Q1,False,800.0,55.17,3.0,800,Phase 3 – Optimised,0.61,Strong consistent bookings
BUO-B0107,Buokrom,Kumasi,Ashanti Region,AirBnB / Short Let,Nightly Stay,2023-10-09,2023,October,Q4,2023-Q4,False,800.0,64.0,1.0,800,Phase 3 – Optimised,0.61,Strong consistent bookings
BUO-B0108,Buokrom,Kumasi,Ashanti Region,AirBnB / Short Let,Nightly Stay,2023-10-27,2023,October,Q4,2023-Q4,True,1000.0,80.0,1.0,1000,Phase 3 – Optimised,0.61,Strong consistent bookings
BUO-B0109,Buokrom,Kumasi,Ashanti Region,AirBnB / Short Let,Nightly Stay,2024-05-03,2024,May,Q2,2024-Q2,True,1000.0,68.97,2.0,1000,Phase 3 – Optimised,0.61,Strong consistent bookings
BUO-B0110,Buokrom,Kumasi,Ashanti Region,AirBnB / Short Let,Nightly Stay,2023-11-02,2023,November,Q4,2023-Q4,False,800.0,64.0,2.0,800,Phase 3 – Optimised,0.61,Strong consistent bookings
BUO-B0111,Buokrom,Kumasi,Ashanti Region,AirBnB / Short Let,Nightly Stay,2024-06-19,2024,June,Q2,2024-Q2,False,800.0,55.17,3.0,800,Phase 3 – Optimised,0.61,Strong consistent bookings
BUO-B0112,Buokrom,Kumasi,Ashanti Region,AirBnB / Short Let,Nightly Stay,2024-05-19,2024,May,Q2,2024-Q2,True,1000.0,68.97,2.0,1000,Phase 3 – Optimised,0.61,Strong consistent bookings
BUO-B0113,Buokrom,Kumasi,Ashanti Region,AirBnB / Short Let,Nightly Stay,2023-10-23,2023,October,Q4,2023-Q4,False,800.0,64.0,3.0,800,Phase 3 – Optimised,0.61,Strong consistent bookings
BUO-B0114,Buokrom,Kumasi,Ashanti Region,AirBnB / Short Let,Nightly Stay,2024-06-23,2024,June,Q2,2024-Q2,True,1000.0,68.97,2.0,1000,Phase 3 – Optimised,0.61,Strong consistent bookings
BUO-B0115,Buokrom,Kumasi,Ashanti Region,AirBnB / Short Let,Nightly Stay,2023-10-16,2023,October,Q4,2023-Q4,False,800.0,64.0,1.0,800,Phase 3 – Optimised,0.61,Strong consistent bookings
BUO-B0116,Buokrom,Kumasi,Ashanti Region,AirBnB / Short Let,Nightly Stay,2024-06-02,2024,June,Q2,2024-Q2,True,1000.0,68.97,4.0,1000,Phase 3 – Optimised,0.61,Strong consistent bookings
BUO-B0117,Buokrom,Kumasi,Ashanti Region,AirBnB / Short Let,Nightly Stay,2024-05-06,2024,May,Q2,2024-Q2,False,800.0,55.17,3.0,800,Phase 3 – Optimised,0.61,Strong consistent bookings
BUO-B0118,Buokrom,Kumasi,Ashanti Region,AirBnB / Short Let,Nightly Stay,2024-06-08,2024,June,Q2,2024-Q2,True,1000.0,68.97,3.0,1000,Phase 3 – Optimised,0.61,Strong consistent bookings
BUO-B0119,Buokrom,Kumasi,Ashanti Region,AirBnB / Short Let,Nightly Stay,2023-11-07,2023,November,Q4,2023-Q4,False,800.0,64.0,5.0,800,Phase 3 – Optimised,0.61,Strong consistent bookings
BUO-B0120,Buokrom,Kumasi,Ashanti Region,AirBnB / Short Let,Nightly Stay,2024-03-13,2024,March,Q1,2024-Q1,False,800.0,55.17,3.0,800,Phase 3 – Optimised,0.61,Strong consistent bookings
BUO-B0121,Buokrom,Kumasi,Ashanti Region,AirBnB / Short Let,Nightly Stay,2023-11-03,2023,November,Q4,2023-Q4,True,1000.0,80.0,1.0,1000,Phase 3 – Optimised,0.61,Strong consistent bookings
BUO-B0122,Buokrom,Kumasi,Ashanti Region,AirBnB / Short Let,Nightly Stay,2024-03-15,2024,March,Q1,2024-Q1,True,1000.0,68.97,2.0,1000,Phase 3 – Optimised,0.61,Strong consistent bookings
BUO-B0123,Buokrom,Kumasi,Ashanti Region,AirBnB / Short Let,Nightly Stay,2024-06-28,2024,June,Q2,2024-Q2,True,1000.0,68.97,1.0,1000,Phase 3 – Optimised,0.61,Strong consistent bookings
BUO-B0124,Buokrom,Kumasi,Ashanti Region,AirBnB / Short Let,Nightly Stay,2024-06-15,2024,June,Q2,2024-Q2,True,1000.0,68.97,3.0,1000,Phase 3 – Optimised,0.61,Strong consistent bookings
BUO-B0125,Buokrom,Kumasi,Ashanti Region,AirBnB / Short Let,Nightly Stay,2023-11-28,2023,November,Q4,2023-Q4,False,800.0,64.0,5.0,800,Phase 3 – Optimised,0.61,Strong consistent bookings
BUO-B0126,Buokrom,Kumasi,Ashanti Region,AirBnB / Short Let,Nightly Stay,2024-01-19,2024,January,Q1,2024-Q1,True,1000.0,68.97,2.0,1000,Phase 3 – Optimised,0.61,Strong consistent bookings
BUO-B0127,Buokrom,Kumasi,Ashanti Region,AirBnB / Short Let,Nightly Stay,2024-01-25,2024,January,Q1,2024-Q1,False,800.0,55.17,2.0,800,Phase 3 – Optimised,0.61,Strong consistent bookings
BUO-B0128,Buokrom,Kumasi,Ashanti Region,AirBnB / Short Let,Nightly Stay,2024-04-22,2024,April,Q2,2024-Q2,False,800.0,55.17,2.0,800,Phase 3 – Optimised,0.61,Strong consistent bookings
BUO-B0129,Buokrom,Kumasi,Ashanti Region,AirBnB / Short Let,Nightly Stay,2023-11-18,2023,November,Q4,2023-Q4,True,1000.0,80.0,2.0,1000,Phase 3 – Optimised,0.61,Strong consistent bookings
BUO-B0130,Buokrom,Kumasi,Ashanti Region,AirBnB / Short Let,Nightly Stay,2024-03-09,2024,March,Q1,2024-Q1,True,1000.0,68.97,3.0,1000,Phase 3 – Optimised,0.61,Strong consistent bookings
BUO-B0131,Buokrom,Kumasi,Ashanti Region,AirBnB / Short Let,Nightly Stay,2024-04-09,2024,April,Q2,2024-Q2,False,800.0,55.17,7.0,800,Phase 3 – Optimised,0.61,Strong consistent bookings
BUO-B0132,Buokrom,Kumasi,Ashanti Region,AirBnB / Short Let,Nightly Stay,2024-05-30,2024,May,Q2,2024-Q2,False,800.0,55.17,1.0,800,Phase 3 – Optimised,0.61,Strong consistent bookings
BUO-B0133,Buokrom,Kumasi,Ashanti Region,AirBnB / Short Let,Nightly Stay,2023-11-13,2023,November,Q4,2023-Q4,False,800.0,64.0,1.0,800,Phase 3 – Optimised,0.61,Strong consistent bookings
BUO-B0134,Buokrom,Kumasi,Ashanti Region,AirBnB / Short Let,Nightly Stay,2023-11-19,2023,November,Q4,2023-Q4,True,1000.0,80.0,3.0,1000,Phase 3 – Optimised,0.61,Strong consistent bookings
BUO-B0135,Buokrom,Kumasi,Ashanti Region,AirBnB / Short Let,Nightly Stay,2024-04-08,2024,April,Q2,2024-Q2,False,800.0,55.17,4.0,800,Phase 3 – Optimised,0.61,Strong consistent bookings
BUO-B0136,Buokrom,Kumasi,Ashanti Region,AirBnB / Short Let,Nightly Stay,2023-10-31,2023,October,Q4,2023-Q4,False,800.0,64.0,3.0,800,Phase 3 – Optimised,0.61,Strong consistent bookings
BUO-B0137,Buokrom,Kumasi,Ashanti Region,AirBnB / Short Let,Nightly Stay,2024-03-17,2024,March,Q1,2024-Q1,True,1000.0,68.97,3.0,1000,Phase 3 – Optimised,0.61,Strong consistent bookings
BUO-B0138,Buokrom,Kumasi,Ashanti Region,AirBnB / Short Let,Nightly Stay,2024-04-28,2024,April,Q2,2024-Q2,True,1000.0,68.97,2.0,1000,Phase 3 – Optimised,0.61,Strong consistent bookings
BUO-B0139,Buokrom,Kumasi,Ashanti Region,AirBnB / Short Let,Nightly Stay,2024-05-04,2024,May,Q2,2024-Q2,True,1000.0,68.97,5.0,1000,Phase 3 – Optimised,0.61,Strong consistent bookings
BUO-B0140,Buokrom,Kumasi,Ashanti Region,AirBnB / Short Let,Nightly Stay,2024-02-25,2024,February,Q1,2024-Q1,True,1000.0,68.97,3.0,1000,Phase 3 – Optimised,0.61,Strong consistent bookings
BUO-B0141,Buokrom,Kumasi,Ashanti Region,AirBnB / Short Let,Nightly Stay,2024-03-29,2024,March,Q1,2024-Q1,True,1000.0,68.97,1.0,1000,Phase 3 – Optimised,0.61,Strong consistent bookings
BUO-B0142,Buokrom,Kumasi,Ashanti Region,AirBnB / Short Let,Nightly Stay,2024-06-16,2024,June,Q2,2024-Q2,True,1000.0,68.97,1.0,1000,Phase 3 – Optimised,0.61,Strong consistent bookings
BUO-B0143,Buokrom,Kumasi,Ashanti Region,AirBnB / Short Let,Nightly Stay,2024-06-03,2024,June,Q2,2024-Q2,False,800.0,55.17,1.0,800,Phase 3 – Optimised,0.61,Strong consistent bookings
BUO-B0144,Buokrom,Kumasi,Ashanti Region,AirBnB / Short Let,Nightly Stay,2023-11-25,2023,November,Q4,2023-Q4,True,1000.0,80.0,2.0,1000,Phase 3 – Optimised,0.61,Strong consistent bookings
BUO-B0145,Buokrom,Kumasi,Ashanti Region,AirBnB / Short Let,Nightly Stay,2024-02-20,2024,February,Q1,2024-Q1,False,800.0,55.17,3.0,800,Phase 3 – Optimised,0.61,Strong consistent bookings
BUO-B0146,Buokrom,Kumasi,Ashanti Region,AirBnB / Short Let,Nightly Stay,2024-05-07,2024,May,Q2,2024-Q2,False,800.0,55.17,4.0,800,Phase 3 – Optimised,0.61,Strong consistent bookings
BUO-B0147,Buokrom,Kumasi,Ashanti Region,AirBnB / Short Let,Nightly Stay,2024-02-14,2024,February,Q1,2024-Q1,False,800.0,55.17,1.0,800,Phase 3 – Optimised,0.61,Strong consistent bookings
BUO-B0148,Buokrom,Kumasi,Ashanti Region,AirBnB / Short Let,Nightly Stay,2024-02-17,2024,February,Q1,2024-Q1,True,1000.0,68.97,3.0,1000,Phase 3 – Optimised,0.61,Strong consistent bookings
BUO-B0149,Buokrom,Kumasi,Ashanti Region,AirBnB / Short Let,Nightly Stay,2024-03-07,2024,March,Q1,2024-Q1,False,800.0,55.17,5.0,800,Phase 3 – Optimised,0.61,Strong consistent bookings
BUO-B0150,Buokrom,Kumasi,Ashanti Region,AirBnB / Short Let,Nightly Stay,2024-03-28,2024,March,Q1,2024-Q1,False,800.0,55.17,1.0,800,Phase 3 – Optimised,0.61,Strong consistent bookings
BUO-B0151,Buokrom,Kumasi,Ashanti Region,AirBnB / Short Let,Nightly Stay,2023-12-13,2023,December,Q4,2023-Q4,False,800.0,64.0,3.0,800,Phase 3 – Optimised,0.61,Strong consistent bookings
BUO-B0152,Buokrom,Kumasi,Ashanti Region,AirBnB / Short Let,Nightly Stay,2024-04-23,2024,April,Q2,2024-Q2,False,800.0,55.17,1.0,800,Phase 3 – Optimised,0.61,Strong consistent bookings
BUO-B0153,Buokrom,Kumasi,Ashanti Region,AirBnB / Short Let,Nightly Stay,2023-11-16,2023,November,Q4,2023-Q4,False,800.0,64.0,3.0,800,Phase 3 – Optimised,0.61,Strong consistent bookings
BUO-B0154,Buokrom,Kumasi,Ashanti Region,AirBnB / Short Let,Nightly Stay,2024-04-10,2024,April,Q2,2024-Q2,False,800.0,55.17,2.0,800,Phase 3 – Optimised,0.61,Strong consistent bookings
BUO-B0155,Buokrom,Kumasi,Ashanti Region,AirBnB / Short Let,Nightly Stay,2024-03-23,2024,March,Q1,2024-Q1,True,1000.0,68.97,1.0,1000,Phase 3 – Optimised,0.61,Strong consistent bookings
BUO-B0156,Buokrom,Kumasi,Ashanti Region,AirBnB / Short Let,Nightly Stay,2024-03-08,2024,March,Q1,2024-Q1,True,1000.0,68.97,3.0,1000,Phase 3 – Optimised,0.61,Strong consistent bookings
BUO-B0157,Buokrom,Kumasi,Ashanti Region,AirBnB / Short Let,Nightly Stay,2023-12-20,2023,December,Q4,2023-Q4,False,800.0,64.0,4.0,800,Phase 3 – Optimised,0.61,Strong consistent bookings
BUO-B0158,Buokrom,Kumasi,Ashanti Region,AirBnB / Short Let,Nightly Stay,2023-10-26,2023,October,Q4,2023-Q4,False,800.0,64.0,3.0,800,Phase 3 – Optimised,0.61,Strong consistent bookings
BUO-B0159,Buokrom,Kumasi,Ashanti Region,AirBnB / Short Let,Nightly Stay,2024-05-14,2024,May,Q2,2024-Q2,False,800.0,55.17,3.0,800,Phase 3 – Optimised,0.61,Strong consistent bookings
BUO-B0160,Buokrom,Kumasi,Ashanti Region,AirBnB / Short Let,Nightly Stay,2024-06-05,2024,June,Q2,2024-Q2,False,800.0,55.17,3.0,800,Phase 3 – Optimised,0.61,Strong consistent bookings
BUO-B0161,Buokrom,Kumasi,Ashanti Region,AirBnB / Short Let,Nightly Stay,2024-04-30,2024,April,Q2,2024-Q2,False,800.0,55.17,1.0,800,Phase 3 – Optimised,0.61,Strong consistent bookings
BUO-B0162,Buokrom,Kumasi,Ashanti Region,AirBnB / Short Let,Nightly Stay,2024-03-25,2024,March,Q1,2024-Q1,False,800.0,55.17,2.0,800,Phase 3 – Optimised,0.61,Strong consistent bookings
BUO-B0163,Buokrom,Kumasi,Ashanti Region,AirBnB / Short Let,Nightly Stay,2024-02-23,2024,February,Q1,2024-Q1,True,1000.0,68.97,3.0,1000,Phase 3 – Optimised,0.61,Strong consistent bookings
BUO-B0164,Buokrom,Kumasi,Ashanti Region,AirBnB / Short Let,Nightly Stay,2024-06-06,2024,June,Q2,2024-Q2,False,800.0,55.17,2.0,800,Phase 3 – Optimised,0.61,Strong consistent bookings
BUO-B0165,Buokrom,Kumasi,Ashanti Region,AirBnB / Short Let,Nightly Stay,2024-03-06,2024,March,Q1,2024-Q1,False,800.0,55.17,1.0,800,Phase 3 – Optimised,0.61,Strong consistent bookings
BUO-B0166,Buokrom,Kumasi,Ashanti Region,AirBnB / Short Let,Nightly Stay,2024-04-20,2024,April,Q2,2024-Q2,True,1000.0,68.97,7.0,1000,Phase 3 – Optimised,0.61,Strong consistent bookings
BUO-B0167,Buokrom,Kumasi,Ashanti Region,AirBnB / Short Let,Nightly Stay,2023-10-29,2023,October,Q4,2023-Q4,True,1000.0,80.0,1.0,1000,Phase 3 – Optimised,0.61,Strong consistent bookings
BUO-B0168,Buokrom,Kumasi,Ashanti Region,AirBnB / Short Let,Nightly Stay,2024-03-03,2024,March,Q1,2024-Q1,True,1000.0,68.97,5.0,1000,Phase 3 – Optimised,0.61,Strong consistent bookings
BUO-B0169,Buokrom,Kumasi,Ashanti Region,AirBnB / Short Let,Nightly Stay,2023-12-10,2023,December,Q4,2023-Q4,True,1000.0,80.0,4.0,1000,Phase 3 – Optimised,0.61,Strong consistent bookings
BUO-B0170,Buokrom,Kumasi,Ashanti Region,AirBnB / Short Let,Nightly Stay,2024-02-26,2024,February,Q1,2024-Q1,False,800.0,55.17,2.0,800,Phase 3 – Optimised,0.61,Strong consistent bookings
BUO-B0171,Buokrom,Kumasi,Ashanti Region,AirBnB / Short Let,Nightly Stay,2023-10-04,2023,October,Q4,2023-Q4,False,800.0,64.0,2.0,800,Phase 3 – Optimised,0.61,Strong consistent bookings
BUO-B0172,Buokrom,Kumasi,Ashanti Region,AirBnB / Short Let,Nightly Stay,2024-05-08,2024,May,Q2,2024-Q2,False,800.0,55.17,1.0,800,Phase 3 – Optimised,0.61,Strong consistent bookings
BUO-B0173,Buokrom,Kumasi,Ashanti Region,AirBnB / Short Let,Nightly Stay,2024-04-12,2024,April,Q2,2024-Q2,True,1000.0,68.97,2.0,1000,Phase 3 – Optimised,0.61,Strong consistent bookings
BUO-B0174,Buokrom,Kumasi,Ashanti Region,AirBnB / Short Let,Nightly Stay,2024-01-26,2024,January,Q1,2024-Q1,True,1000.0,68.97,2.0,1000,Phase 3 – Optimised,0.61,Strong consistent bookings
BUO-B0175,Buokrom,Kumasi,Ashanti Region,AirBnB / Short Let,Nightly Stay,2024-03-30,2024,March,Q1,2024-Q1,True,1000.0,68.97,1.0,1000,Phase 3 – Optimised,0.61,Strong consistent bookings
BUO-B0176,Buokrom,Kumasi,Ashanti Region,AirBnB / Short Let,Nightly Stay,2023-10-22,2023,October,Q4,2023-Q4,True,1000.0,80.0,2.0,1000,Phase 3 – Optimised,0.61,Strong consistent bookings
BUO-B0177,Buokrom,Kumasi,Ashanti Region,AirBnB / Short Let,Nightly Stay,2024-05-23,2024,May,Q2,2024-Q2,False,800.0,55.17,5.0,800,Phase 3 – Optimised,0.61,Strong consistent bookings
BUO-B0178,Buokrom,Kumasi,Ashanti Region,AirBnB / Short Let,Nightly Stay,2024-04-25,2024,April,Q2,2024-Q2,False,800.0,55.17,3.0,800,Phase 3 – Optimised,0.61,Strong consistent bookings
BUO-B0179,Buokrom,Kumasi,Ashanti Region,AirBnB / Short Let,Nightly Stay,2024-05-01,2024,May,Q2,2024-Q2,False,800.0,55.17,1.0,800,Phase 3 – Optimised,0.61,Strong consistent bookings
BUO-B0180,Buokrom,Kumasi,Ashanti Region,AirBnB / Short Let,Nightly Stay,2023-12-27,2023,December,Q4,2023-Q4,False,800.0,64.0,4.0,800,Phase 3 – Optimised,0.61,Strong consistent bookings
BUO-B0181,Buokrom,Kumasi,Ashanti Region,AirBnB / Short Let,Nightly Stay,2023-11-15,2023,November,Q4,2023-Q4,False,800.0,64.0,2.0,800,Phase 3 – Optimised,0.61,Strong consistent bookings
BUO-B0182,Buokrom,Kumasi,Ashanti Region,AirBnB / Short Let,Nightly Stay,2023-11-24,2023,November,Q4,2023-Q4,True,1000.0,80.0,1.0,1000,Phase 3 – Optimised,0.61,Strong consistent bookings
BUO-B0183,Buokrom,Kumasi,Ashanti Region,AirBnB / Short Let,Nightly Stay,2024-06-25,2024,June,Q2,2024-Q2,False,800.0,55.17,1.0,800,Phase 3 – Optimised,0.61,Strong consistent bookings
BUO-B0184,Buokrom,Kumasi,Ashanti Region,AirBnB / Short Let,Nightly Stay,2024-03-22,2024,March,Q1,2024-Q1,True,1000.0,68.97,1.0,1000,Phase 3 – Optimised,0.61,Strong consistent bookings
BUO-B0185,Buokrom,Kumasi,Ashanti Region,AirBnB / Short Let,Nightly Stay,2023-12-26,2023,December,Q4,2023-Q4,False,800.0,64.0,1.0,800,Phase 3 – Optimised,0.61,Strong consistent bookings
BUO-B0186,Buokrom,Kumasi,Ashanti Region,AirBnB / Short Let,Nightly Stay,2024-06-18,2024,June,Q2,2024-Q2,False,800.0,55.17,1.0,800,Phase 3 – Optimised,0.61,Strong consistent bookings
BUO-B0187,Buokrom,Kumasi,Ashanti Region,AirBnB / Short Let,Nightly Stay,2024-03-27,2024,March,Q1,2024-Q1,False,800.0,55.17,2.0,800,Phase 3 – Optimised,0.61,Strong consistent bookings
BUO-B0188,Buokrom,Kumasi,Ashanti Region,AirBnB / Short Let,Nightly Stay,2024-01-29,2024,January,Q1,2024-Q1,False,800.0,55.17,1.0,800,Phase 3 – Optimised,0.61,Strong consistent bookings
BUO-B0189,Buokrom,Kumasi,Ashanti Region,AirBnB / Short Let,Nightly Stay,2024-02-09,2024,February,Q1,2024-Q1,True,1000.0,68.97,1.0,1000,Phase 3 – Optimised,0.61,Strong consistent bookings
BUO-B0190,Buokrom,Kumasi,Ashanti Region,AirBnB / Short Let,Nightly Stay,2023-12-18,2023,December,Q4,2023-Q4,False,800.0,64.0,4.0,800,Phase 3 – Optimised,0.61,Strong consistent bookings
BUO-B0191,Buokrom,Kumasi,Ashanti Region,AirBnB / Short Let,Nightly Stay,2023-11-08,2023,November,Q4,2023-Q4,False,800.0,64.0,1.0,800,Phase 3 – Optimised,0.61,Strong consistent bookings
BUO-B0192,Buokrom,Kumasi,Ashanti Region,AirBnB / Short Let,Nightly Stay,2024-06-09,2024,June,Q2,2024-Q2,True,1000.0,68.97,2.0,1000,Phase 3 – Optimised,0.61,Strong consistent bookings
BUO-B0193,Buokrom,Kumasi,Ashanti Region,AirBnB / Short Let,Nightly Stay,2024-05-17,2024,May,Q2,2024-Q2,True,1000.0,68.97,3.0,1000,Phase 3 – Optimised,0.61,Strong consistent bookings
BUO-B0194,Buokrom,Kumasi,Ashanti Region,AirBnB / Short Let,Nightly Stay,2024-03-14,2024,March,Q1,2024-Q1,False,800.0,55.17,5.0,800,Phase 3 – Optimised,0.61,Strong consistent bookings
BUO-B0195,Buokrom,Kumasi,Ashanti Region,AirBnB / Short Let,Nightly Stay,2024-03-10,2024,March,Q1,2024-Q1,True,1000.0,68.97,1.0,1000,Phase 3 – Optimised,0.61,Strong consistent bookings
BUO-B0196,Buokrom,Kumasi,Ashanti Region,AirBnB / Short Let,Nightly Stay,2023-11-04,2023,November,Q4,2023-Q4,True,1000.0,80.0,2.0,1000,Phase 3 – Optimised,0.61,Strong consistent bookings
BUO-B0197,Buokrom,Kumasi,Ashanti Region,AirBnB / Short Let,Nightly Stay,2024-03-04,2024,March,Q1,2024-Q1,False,800.0,55.17,4.0,800,Phase 3 – Optimised,0.61,Strong consistent bookings
BUO-B0198,Buokrom,Kumasi,Ashanti Region,AirBnB / Short Let,Nightly Stay,2024-05-24,2024,May,Q2,2024-Q2,True,1000.0,68.97,2.0,1000,Phase 3 – Optimised,0.61,Strong consistent bookings
BUO-B0199,Buokrom,Kumasi,Ashanti Region,AirBnB / Short Let,Nightly Stay,2023-10-30,2023,October,Q4,2023-Q4,False,800.0,64.0,2.0,800,Phase 3 – Optimised,0.61,Strong consistent bookings
BUO-B0200,Buokrom,Kumasi,Ashanti Region,AirBnB / Short Let,Nightly Stay,2024-02-24,2024,February,Q1,2024-Q1,True,1000.0,68.97,1.0,1000,Phase 3 – Optimised,0.61,Strong consistent bookings
BUO-B0201,Buokrom,Kumasi,Ashanti Region,AirBnB / Short Let,Nightly Stay,2024-04-14,2024,April,Q2,2024-Q2,True,1000.0,68.97,2.0,1000,Phase 3 – Optimised,0.61,Strong consistent bookings
BUO-B0202,Buokrom,Kumasi,Ashanti Region,AirBnB / Short Let,Nightly Stay,2024-05-18,2024,May,Q2,2024-Q2,True,1000.0,68.97,5.0,1000,Phase 3 – Optimised,0.61,Strong consistent bookings
BUO-B0203,Buokrom,Kumasi,Ashanti Region,AirBnB / Short Let,Nightly Stay,2024-01-05,2024,January,Q1,2024-Q1,True,1000.0,68.97,2.0,1000,Phase 3 – Optimised,0.61,Strong consistent bookings
BUO-B0204,Buokrom,Kumasi,Ashanti Region,AirBnB / Short Let,Nightly Stay,2024-05-31,2024,May,Q2,2024-Q2,True,1000.0,68.97,2.0,1000,Phase 3 – Optimised,0.61,Strong consistent bookings
BUO-B0205,Buokrom,Kumasi,Ashanti Region,AirBnB / Short Let,Nightly Stay,2023-11-01,2023,November,Q4,2023-Q4,False,800.0,64.0,2.0,800,Phase 3 – Optimised,0.61,Strong consistent bookings
BUO-B0206,Buokrom,Kumasi,Ashanti Region,AirBnB / Short Let,Nightly Stay,2024-03-24,2024,March,Q1,2024-Q1,True,1000.0,68.97,7.0,1000,Phase 3 – Optimised,0.61,Strong consistent bookings
BUO-B0207,Buokrom,Kumasi,Ashanti Region,AirBnB / Short Let,Nightly Stay,2023-12-28,2023,December,Q4,2023-Q4,False,800.0,64.0,1.0,800,Phase 3 – Optimised,0.61,Strong consistent bookings
BUO-B0208,Buokrom,Kumasi,Ashanti Region,AirBnB / Short Let,Nightly Stay,2024-05-12,2024,May,Q2,2024-Q2,True,1000.0,68.97,7.0,1000,Phase 3 – Optimised,0.61,Strong consistent bookings
BUO-B0209,Buokrom,Kumasi,Ashanti Region,AirBnB / Short Let,Nightly Stay,2024-06-24,2024,June,Q2,2024-Q2,False,800.0,55.17,3.0,800,Phase 3 – Optimised,0.61,Strong consistent bookings
BUO-B0210,Buokrom,Kumasi,Ashanti Region,AirBnB / Short Let,Nightly Stay,2024-04-04,2024,April,Q2,2024-Q2,False,800.0,55.17,2.0,800,Phase 3 – Optimised,0.61,Strong consistent bookings
BUO-B0211,Buokrom,Kumasi,Ashanti Region,AirBnB / Short Let,Nightly Stay,2024-02-22,2024,February,Q1,2024-Q1,False,800.0,55.17,2.0,800,Phase 3 – Optimised,0.61,Strong consistent bookings
BUO-B0212,Buokrom,Kumasi,Ashanti Region,AirBnB / Short Let,Nightly Stay,2024-03-20,2024,March,Q1,2024-Q1,False,800.0,55.17,1.0,800,Phase 3 – Optimised,0.61,Strong consistent bookings
BUO-B0213,Buokrom,Kumasi,Ashanti Region,AirBnB / Short Let,Nightly Stay,2024-04-15,2024,April,Q2,2024-Q2,False,800.0,55.17,1.0,800,Phase 3 – Optimised,0.61,Strong consistent bookings
BUO-B0214,Buokrom,Kumasi,Ashanti Region,AirBnB / Short Let,Nightly Stay,2023-12-16,2023,December,Q4,2023-Q4,True,1000.0,80.0,2.0,1000,Phase 3 – Optimised,0.61,Strong consistent bookings
BUO-B0215,Buokrom,Kumasi,Ashanti Region,AirBnB / Short Let,Nightly Stay,2023-12-12,2023,December,Q4,2023-Q4,False,800.0,64.0,5.0,800,Phase 3 – Optimised,0.61,Strong consistent bookings
BUO-B0216,Buokrom,Kumasi,Ashanti Region,AirBnB / Short Let,Nightly Stay,2024-04-18,2024,April,Q2,2024-Q2,False,800.0,55.17,1.0,800,Phase 3 – Optimised,0.61,Strong consistent bookings
BUO-B0217,Buokrom,Kumasi,Ashanti Region,AirBnB / Short Let,Nightly Stay,2023-12-05,2023,December,Q4,2023-Q4,False,800.0,64.0,3.0,800,Phase 3 – Optimised,0.61,Strong consistent bookings
BUO-B0218,Buokrom,Kumasi,Ashanti Region,AirBnB / Short Let,Nightly Stay,2024-06-26,2024,June,Q2,2024-Q2,False,800.0,55.17,1.0,800,Phase 3 – Optimised,0.61,Strong consistent bookings
BUO-B0219,Buokrom,Kumasi,Ashanti Region,AirBnB / Short Let,Nightly Stay,2024-06-17,2024,June,Q2,2024-Q2,False,800.0,55.17,2.0,800,Phase 3 – Optimised,0.61,Strong consistent bookings
BUO-B0220,Buokrom,Kumasi,Ashanti Region,AirBnB / Short Let,Nightly Stay,2024-01-01,2024,January,Q1,2024-Q1,False,800.0,55.17,7.0,800,Phase 3 – Optimised,0.61,Strong consistent bookings
BUO-B0221,Buokrom,Kumasi,Ashanti Region,AirBnB / Short Let,Nightly Stay,2024-01-07,2024,January,Q1,2024-Q1,True,1000.0,68.97,1.0,1000,Phase 3 – Optimised,0.61,Strong consistent bookings
BUO-B0222,Buokrom,Kumasi,Ashanti Region,AirBnB / Short Let,Nightly Stay,2023-11-09,2023,November,Q4,2023-Q4,False,800.0,64.0,1.0,800,Phase 3 – Optimised,0.61,Strong consistent bookings
BUO-B0223,Buokrom,Kumasi,Ashanti Region,AirBnB / Short Let,Nightly Stay,2023-11-21,2023,November,Q4,2023-Q4,False,800.0,64.0,2.0,800,Phase 3 – Optimised,0.61,Strong consistent bookings
BUO-B0224,Buokrom,Kumasi,Ashanti Region,AirBnB / Short Let,Nightly Stay,2023-10-20,2023,October,Q4,2023-Q4,True,1000.0,80.0,3.0,1000,Phase 3 – Optimised,0.61,Strong consistent bookings
BUO-B0225,Buokrom,Kumasi,Ashanti Region,AirBnB / Short Let,Nightly Stay,2023-12-07,2023,December,Q4,2023-Q4,False,800.0,64.0,3.0,800,Phase 3 – Optimised,0.61,Strong consistent bookings
BUO-B0226,Buokrom,Kumasi,Ashanti Region,AirBnB / Short Let,Nightly Stay,2023-12-23,2023,December,Q4,2023-Q4,True,1000.0,80.0,1.0,1000,Phase 3 – Optimised,0.61,Strong consistent bookings
BUO-B0227,Buokrom,Kumasi,Ashanti Region,AirBnB / Short Let,Nightly Stay,2023-12-24,2023,December,Q4,2023-Q4,True,1000.0,80.0,3.0,1000,Phase 3 – Optimised,0.61,Strong consistent bookings
BUO-B0228,Buokrom,Kumasi,Ashanti Region,AirBnB / Short Let,Nightly Stay,2024-01-31,2024,January,Q1,2024-Q1,False,800.0,55.17,2.0,800,Phase 3 – Optimised,0.61,Strong consistent bookings
BUO-B0229,Buokrom,Kumasi,Ashanti Region,AirBnB / Short Let,Nightly Stay,2024-05-28,2024,May,Q2,2024-Q2,False,800.0,55.17,5.0,800,Phase 3 – Optimised,0.61,Strong consistent bookings
BUO-B0230,Buokrom,Kumasi,Ashanti Region,AirBnB / Short Let,Nightly Stay,2024-01-08,2024,January,Q1,2024-Q1,False,800.0,55.17,2.0,800,Phase 3 – Optimised,0.61,Strong consistent bookings
BUO-B0231,Buokrom,Kumasi,Ashanti Region,AirBnB / Short Let,Nightly Stay,2024-05-13,2024,May,Q2,2024-Q2,False,800.0,55.17,2.0,800,Phase 3 – Optimised,0.61,Strong consistent bookings
BUO-B0232,Buokrom,Kumasi,Ashanti Region,AirBnB / Short Let,Nightly Stay,2024-04-13,2024,April,Q2,2024-Q2,True,1000.0,68.97,2.0,1000,Phase 3 – Optimised,0.61,Strong consistent bookings
BUO-B0233,Buokrom,Kumasi,Ashanti Region,AirBnB / Short Let,Nightly Stay,2024-05-02,2024,May,Q2,2024-Q2,False,800.0,55.17,7.0,800,Phase 3 – Optimised,0.61,Strong consistent bookings
BUO-B0234,Buokrom,Kumasi,Ashanti Region,AirBnB / Short Let,Nightly Stay,2024-01-11,2024,January,Q1,2024-Q1,False,800.0,55.17,4.0,800,Phase 3 – Optimised,0.61,Strong consistent bookings
BUO-B0235,Buokrom,Kumasi,Ashanti Region,AirBnB / Short Let,Nightly Stay,2023-11-22,2023,November,Q4,2023-Q4,False,800.0,64.0,3.0,800,Phase 3 – Optimised,0.61,Strong consistent bookings
BUO-B0236,Buokrom,Kumasi,Ashanti Region,AirBnB / Short Let,Nightly Stay,2024-06-21,2024,June,Q2,2024-Q2,True,1000.0,68.97,5.0,1000,Phase 3 – Optimised,0.61,Strong consistent bookings
BUO-B0237,Buokrom,Kumasi,Ashanti Region,AirBnB / Short Let,Nightly Stay,2023-11-12,2023,November,Q4,2023-Q4,True,1000.0,80.0,4.0,1000,Phase 3 – Optimised,0.61,Strong consistent bookings
BUO-B0238,Buokrom,Kumasi,Ashanti Region,AirBnB / Short Let,Nightly Stay,2024-05-11,2024,May,Q2,2024-Q2,True,1000.0,68.97,1.0,1000,Phase 3 – Optimised,0.61,Strong consistent bookings
BUO-B0239,Buokrom,Kumasi,Ashanti Region,AirBnB / Short Let,Nightly Stay,2024-01-22,2024,January,Q1,2024-Q1,False,800.0,55.17,4.0,800,Phase 3 – Optimised,0.61,Strong consistent bookings
BUO-B0240,Buokrom,Kumasi,Ashanti Region,AirBnB / Short Let,Nightly Stay,2023-10-28,2023,October,Q4,2023-Q4,True,1000.0,80.0,2.0,1000,Phase 3 – Optimised,0.61,Strong consistent bookings
BUO-B0241,Buokrom,Kumasi,Ashanti Region,AirBnB / Short Let,Nightly Stay,2023-11-11,2023,November,Q4,2023-Q4,True,1000.0,80.0,2.0,1000,Phase 3 – Optimised,0.61,Strong consistent bookings
BUO-B0242,Buokrom,Kumasi,Ashanti Region,AirBnB / Short Let,Nightly Stay,2023-10-15,2023,October,Q4,2023-Q4,True,1000.0,80.0,2.0,1000,Phase 3 – Optimised,0.61,Strong consistent bookings
BUO-B0243,Buokrom,Kumasi,Ashanti Region,AirBnB / Short Let,Nightly Stay,2024-05-29,2024,May,Q2,2024-Q2,False,800.0,55.17,3.0,800,Phase 3 – Optimised,0.61,Strong consistent bookings
BUO-B0244,Buokrom,Kumasi,Ashanti Region,AirBnB / Short Let,Nightly Stay,2023-12-11,2023,December,Q4,2023-Q4,False,800.0,64.0,4.0,800,Phase 3 – Optimised,0.61,Strong consistent bookings
BUO-B0245,Buokrom,Kumasi,Ashanti Region,AirBnB / Short Let,Nightly Stay,2023-10-03,2023,October,Q4,2023-Q4,False,800.0,64.0,5.0,800,Phase 3 – Optimised,0.61,Strong consistent bookings
BUO-B0246,Buokrom,Kumasi,Ashanti Region,AirBnB / Short Let,Nightly Stay,2023-10-10,2023,October,Q4,2023-Q4,False,800.0,64.0,1.0,800,Phase 3 – Optimised,0.61,Strong consistent bookings
